6552,eIF3a,599,eIF3b,420,7_1,KAAEER-HTKSR-a1-b3,L.kluyveri/D.hansenii,589,433,586,431,34.88,0.068,Interlink,,,,,
6615,eIF3a,612,eIF3b,420,7_1,QLEEEKLR-VDRHTKSR-a6-b6,L.kluyveri/D.hansenii,602,433,599,431,29.43,0.202,Interlink,,,,,
6579,eIF3a,650,eIF3b,420,7_1,MEAEAKR-HTKSR-a6-b3,L.kluyveri/D.hansenii,639,433,636,431,32.22,0.108,Interlink,,,,,
6574,eIF3a,656,eIF3b,420,7_1,RAEEKFER-VDRHTKSR-a5-b6,L.kluyveri/D.hansenii,645,433,642,431,32.49,0.101,Interlink,,,,,
6611,eIF3a,844,eIF3b,420,7_1,RQEELKQQQEFER-HTKSR-a6-b3,L.kluyveri/D.hansenii,828,433,825,431,29.95,0.2,Interlink,,,,,
6632,eIF3a,844,eIF3b,420,7_1,RQEELKQQQEFER-VDRHTKSR-a6-b6,L.kluyveri/D.hansenii,828,433,825,431,28.43,0.23,Interlink,,,,,
6601,eIF3a,863,eIF3b,420,7_1,AESEKAAR-HTKSR-a5-b3,L.kluyveri/D.hansenii,850,433,847,431,30.49,0.17,Interlink,,,,,
6603,eIF3a,219,eIF3c,82,7_1,QHLDAANYQQSKAGYYTVDLSDADTLQR-KGGASSGANR-a12-b1,L.kluyveri/D.hansenii,222,79,219,76,30.29,0.17,Interlink,,,,,
6548,eIF3a,589,eIF3c,82,7_1,EHLIQKTNETISR-KGGASSGANR-a6-b1,L.kluyveri/D.hansenii,579,79,576,76,35.23,0.068,Interlink,,,,,
6526,eIF3a,638,eIF3c,82,7_1,MMEEKAAADAR-KGGASSGANR-a5-b1,L.kluyveri/D.hansenii,627,79,624,76,38.2,0.029,Interlink,,,,,
6500,eIF3a,844,eIF3c,82,7_1,RQEELKQQQEFER-KGGASSGANR-a6-b1,L.kluyveri/D.hansenii,828,79,825,76,46.31,0,Interlink,,,,,
6544,eIF3a,844,eIF3c,268,7_1,RQEELKQQQEFER-GKKGTDHQAQIK-a6-b3,L.kluyveri/D.hansenii,828,274,825,271,35.8,0.068,Interlink,,,,,
6527,eIF3a,599,eIF3c,808,7_1,KAAEER-LNEKK-a1-b4,L.kluyveri/D.hansenii,589,812,586,809,37.87,0.029,Interlink,,,,,
6631,eIF3a,599,eIF3c,808,7_1,ERKAAEER-LNEKK-a3-b4,L.kluyveri/D.hansenii,589,812,586,809,28.47,0.23,Interlink,,,,,
6543,eIF3a,612,eIF3c,808,7_1,TRQLEEEKLR-LNEKK-a8-b4,L.kluyveri/D.hansenii,602,812,599,809,35.98,0.068,Interlink,,,,,
6613,eIF3a,638,eIF3i,151,7_1,MMEEKAAADAR-SDAKK-a5-b4,L.kluyveri/D.hansenii,627,151,624,151,29.86,0.2,Interlink,,,,,
6523,eIF3a,844,eIF3j,218,7_1,RQEELKQQQEFER-LAKVR-a6-b3,L.kluyveri/D.hansenii,828,222,825,219,38.71,0.029,Interlink,,,,,
6564,eIF3b,420,eIF3a,599,7_1,VDRHTKSR-KAAEER-a6-b1,L.kluyveri/D.hansenii,433,589,431,586,33.41,0.097,Interlink,,,,,
6587,eIF3b,420,eIF3i,151,7_1,VDRHTKSR-SDAKK-a6-b4,L.kluyveri/D.hansenii,433,151,431,151,31.31,0.143,Interlink,,,,,
6519,eIF3c,82,eIF3a,599,7_1,KGGASSGANR-KAAEER-a1-b1,L.kluyveri/D.hansenii,79,589,76,586,39.77,0.029,Interlink,,,,,
6513,eIF3c,92,eIF3a,599,7_1,FLKNANYSDSEDSDDEGR-KAAEER-a3-b1,L.kluyveri/D.hansenii,91,589,88,586,40.67,0,Interlink,,,,,
6512,eIF3c,661,eIF3a,599,7_1,ALEHYEKSSFQGPPETLR-KAAEER-a7-b1,L.kluyveri/D.hansenii,665,589,662,586,40.69,0,Interlink,,,,,
6529,eIF3c,809,eIF3a,599,7_1,KFAGNAPQR-KAAEER-a1-b1,L.kluyveri/D.hansenii,813,589,810,586,37.33,0.029,Interlink,,,,,
6624,eIF3c,82,eIF3a,650,7_1,KGGASSGANR-MEAEAKR-a1-b6,L.kluyveri/D.hansenii,79,639,76,636,28.71,0.22,Interlink,,,,,
6558,eIF3c,82,eIF3a,656,7_1,KGGASSGANR-RAEEKFER-a1-b5,L.kluyveri/D.hansenii,79,645,76,642,33.88,0.081,Interlink,,,,,
6636,eIF3c,82,eIF3a,656,7_1,KGGASSGANR-AEEKFER-a1-b4,L.kluyveri/D.hansenii,79,645,76,642,28.07,0.237,Interlink,,,,,
6555,eIF3c,92,eIF3a,656,7_1,FLKNANYSDSEDSDDEGR-RAEEKFER-a3-b5,L.kluyveri/D.hansenii,91,645,88,642,34.26,0.068,Interlink,,,,,
6510,eIF3c,82,eIF3a,721,7_1,KGGASSGANR-VAFKR-a1-b4,L.kluyveri/D.hansenii,79,710,76,707,41.75,0,Interlink,,,,,
6575,eIF3c,92,eIF3a,844,7_1,FLKNANYSDSEDSDDEGR-RQEELKQQQEFER-a3-b6,L.kluyveri/D.hansenii,91,828,88,825,32.4,0.101,Interlink,,,,,
6583,eIF3c,82,eIF3a,863,7_1,KGGASSGANR-AESEKAAR-a1-b5,L.kluyveri/D.hansenii,79,850,76,847,31.54,0.126,Interlink,,,,,
6606,eIF3g,62,eIF3a,844,7_1,YGKEKNTPPGPDTR-RQEELKQQQEFER-a5-b6,L.kluyveri/D.hansenii,75,828,75,825,30.13,0.182,Interlink,,,,,
6605,eIF3g,62,eIF3a,863,7_1,YGKEKNTPPGPDTR-AESEKAAR-a5-b5,L.kluyveri/D.hansenii,75,850,75,847,30.2,0.17,Interlink,,,,,
6572,eIF3g,29,eIF3b,420,7_1,LNANGQKVK-HTKSR-a7-b3,L.kluyveri/D.hansenii,42,433,42,431,32.6,0.101,Interlink,,,,,
6623,eIF3i,272,eIF3a,844,7_1,NVTTTAESQGKFEAR-RQEELKQQQEFER-a11-b6,L.kluyveri/D.hansenii,276,828,276,825,28.76,0.22,Interlink,,,,,
6549,eIF3i,106,eIF3b,699,7_1,VAFSPDNKR-HAANGSKK-a8-b7,L.kluyveri/D.hansenii,106,696,106,694,35.16,0.068,Interlink,,,,,
6522,eIF3i,216,eIF3c,116,7_1,SYIVTASKDK-SAKDK-a8-b3,L.kluyveri/D.hansenii,220,113,220,110,39.1,0.029,Interlink,,,,,
6633,eIF3i,272,eIF3c,116,7_1,NVTTTAESQGKFEAR-SAKDK-a11-b3,L.kluyveri/D.hansenii,276,113,276,110,28.33,0.23,Interlink,,,,,
6534,eIF3i,5,eIF3g,29,7_1,MRPIKLMGHER-LNANGQKVK-a5-b7,L.kluyveri/D.hansenii,5,42,5,42,36.69,0.053,Interlink,,,,,
6578,eIF3i,272,eIF3g,29,7_1,NVTTTAESQGKFEAR-LNANGQKVK-a11-b7,L.kluyveri/D.hansenii,276,42,276,42,32.3,0.101,Interlink,,,,,
6535,eIF3i,290,eIF3g,90,7_1,VKGHFGPLNSIAVHPDGTGYASGGEDGFIR-EIEKQEEESKEEQK-a2-b4,L.kluyveri/D.hansenii,294,105,294,105,36.68,0.053,Interlink,,,,,
6686,eIF3a,656,eIF3b,113,7_2,RAEEKFER-LDQKHR-a5-b4,L.kluyveri/D.hansenii,645,120,642,118,35.21,0.074,Interlink,,,,,
6641,eIF3a,766,eIF3b,113,7_2,KEHEEELKLHER-LDQKHR-a1-b4,L.kluyveri/D.hansenii,755,120,752,118,44.82,0,Interlink,,,,,
6665,eIF3a,773,eIF3b,113,7_2,KEHEEELKLHER-LDQKHR-a8-b4,L.kluyveri/D.hansenii,762,120,759,118,38.12,0,Interlink,,,,,
6705,eIF3a,773,eIF3b,113,7_2,EHEEELKLHER-LDQKHR-a7-b4,L.kluyveri/D.hansenii,762,120,759,118,33.02,0.119,Interlink,,,,,
6754,eIF3a,599,eIF3b,420,7_2,KAAEER-HTKSR-a1-b3,L.kluyveri/D.hansenii,589,433,586,431,28.77,0.197,Interlink,,,,,
6718,eIF3a,656,eIF3b,420,7_2,RAEEKFER-VDRHTKSR-a5-b6,L.kluyveri/D.hansenii,645,433,642,431,31.96,0.119,Interlink,,,,,
6678,eIF3a,844,eIF3b,680,7_2,RQEELKQQQEFER-AKHAANGSK-a6-b2,L.kluyveri/D.hansenii,828,689,825,687,36.06,0.022,Interlink,,,,,
6720,eIF3a,219,eIF3c,82,7_2,QHLDAANYQQSKAGYYTVDLSDADTLQR-KGGASSGANR-a12-b1,L.kluyveri/D.hansenii,222,79,219,76,31.83,0.119,Interlink,,,,,
6757,eIF3a,589,eIF3c,82,7_2,EHLIQKTNETISR-KGGASSGANR-a6-b1,L.kluyveri/D.hansenii,579,79,576,76,28.39,0.197,Interlink,,,,,
6643,eIF3a,844,eIF3c,82,7_2,RQEELKQQQEFER-KGGASSGANR-a6-b1,L.kluyveri/D.hansenii,828,79,825,76,43.87,0,Interlink,,,,,
6697,eIF3a,844,eIF3c,268,7_2,RQEELKQQQEFER-GKKGTDHQAQIK-a6-b3,L.kluyveri/D.hansenii,828,274,825,271,33.88,0.083,Interlink,,,,,
6700,eIF3a,589,eIF3c,808,7_2,EHLIQKTNETISR-LNEKK-a6-b4,L.kluyveri/D.hansenii,579,812,576,809,33.31,0.111,Interlink,,,,,
6648,eIF3a,599,eIF3c,808,7_2,ERKAAEER-LNEKK-a3-b4,L.kluyveri/D.hansenii,589,812,586,809,40.98,0,Interlink,,,,,
6657,eIF3a,599,eIF3c,808,7_2,KAAEER-LNEKK-a1-b4,L.kluyveri/D.hansenii,589,812,586,809,39.12,0,Interlink,,,,,
6656,eIF3a,612,eIF3c,808,7_2,TRQLEEEKLR-LNEKK-a8-b4,L.kluyveri/D.hansenii,602,812,599,809,39.28,0,Interlink,,,,,
6696,eIF3a,612,eIF3c,808,7_2,QLEEEKLR-LNEKK-a6-b4,L.kluyveri/D.hansenii,602,812,599,809,33.94,0.083,Interlink,,,,,
6650,eIF3a,589,eIF3c,809,7_2,EHLIQKTNETISR-KFAGNAPQR-a6-b1,L.kluyveri/D.hansenii,579,813,576,810,40.12,0,Interlink,,,,,
6692,eIF3b,420,eIF3a,599,7_2,HTKSRK-KAAEER-a3-b1,L.kluyveri/D.hansenii,433,589,431,586,34.38,0.083,Interlink,,,,,
6724,eIF3b,420,eIF3a,599,7_2,VDRHTKSR-KAAEER-a6-b1,L.kluyveri/D.hansenii,433,589,431,586,31.53,0.119,Interlink,,,,,
6717,eIF3b,420,eIF3a,650,7_2,VDRHTKSR-MEAEAKR-a6-b6,L.kluyveri/D.hansenii,433,639,431,636,31.98,0.119,Interlink,,,,,
6668,eIF3b,12,eIF3a,799,7_2,SLEKEVQLDDLDFSDLEAK-EAKLTEAR-a4-b3,L.kluyveri/D.hansenii,17,788,15,785,37.05,0,Interlink,,,,,
6674,eIF3b,12,eIF3a,815,7_2,SLEKEVQLDDLDFSDLEAK-FEAAKK-a4-b5,L.kluyveri/D.hansenii,17,804,15,801,36.36,0.022,Interlink,,,,,
6735,eIF3b,12,eIF3a,863,7_2,SLEKEVQLDDLDFSDLEAK-AESEKAAR-a4-b5,L.kluyveri/D.hansenii,17,850,15,847,30.39,0.119,Interlink,,,,,
6741,eIF3b,699,eIF3i,106,7_2,AKHAANGSKK-VAFSPDNKR-a9-b8,L.kluyveri/D.hansenii,696,106,694,106,29.65,0.135,Interlink,,,,,
6664,eIF3c,82,eIF3a,599,7_2,KGGASSGANR-KAAEER-a1-b1,L.kluyveri/D.hansenii,79,589,76,586,38.15,0,Interlink,,,,,
6680,eIF3c,661,eIF3a,599,7_2,ALEHYEKSSFQGPPETLRDHVLYAAK-KAAEER-a7-b1,L.kluyveri/D.hansenii,665,589,662,586,35.76,0.022,Interlink,,,,,
6655,eIF3c,809,eIF3a,599,7_2,KFAGNAPQR-KAAEER-a1-b1,L.kluyveri/D.hansenii,813,589,810,586,39.52,0,Interlink,,,,,
6751,eIF3c,82,eIF3a,612,7_2,KGGASSGANR-QLEEEKLR-a1-b6,L.kluyveri/D.hansenii,79,602,76,599,29.09,0.149,Interlink,,,,,
6667,eIF3c,809,eIF3a,612,7_2,KFAGNAPQR-QLEEEKLR-a1-b6,L.kluyveri/D.hansenii,813,602,810,599,38.07,0,Interlink,,,,,
6743,eIF3c,82,eIF3a,650,7_2,KGGASSGANR-MEAEAKR-a1-b6,L.kluyveri/D.hansenii,79,639,76,636,29.58,0.135,Interlink,,,,,
6727,eIF3c,82,eIF3a,656,7_2,KGGASSGANR-RAEEKFER-a1-b5,L.kluyveri/D.hansenii,79,645,76,642,31.27,0.119,Interlink,,,,,
6658,eIF3c,82,eIF3a,721,7_2,KGGASSGANR-VAFKR-a1-b4,L.kluyveri/D.hansenii,79,710,76,707,38.99,0,Interlink,,,,,
6710,eIF3c,268,eIF3a,863,7_2,GKKGTDHQAQIK-AESEKAAR-a3-b5,L.kluyveri/D.hansenii,274,850,271,847,32.53,0.119,Interlink,,,,,
6738,eIF3c,82,eIF3b,420,7_2,KGGASSGANR-HTKSR-a1-b3,L.kluyveri/D.hansenii,79,433,76,431,30.33,0.119,Interlink,,,,,
6666,eIF3g,62,eIF3a,599,7_2,YGKEKNTPPGPDTR-KAAEER-a5-b1,L.kluyveri/D.hansenii,75,589,75,586,38.1,0,Interlink,,,,,
6704,eIF3g,62,eIF3a,863,7_2,YGKEKNTPPGPDTR-AESEKAAR-a5-b5,L.kluyveri/D.hansenii,75,850,75,847,33.06,0.119,Interlink,,,,,
6730,eIF3g,29,eIF3b,420,7_2,LNANGQKVK-VDRHTKSR-a7-b6,L.kluyveri/D.hansenii,42,433,42,431,31.02,0.119,Interlink,,,,,
6670,eIF3g,44,eIF3b,699,7_2,VKEKVHPLIAQR-HAANGSKK-a4-b7,L.kluyveri/D.hansenii,57,696,57,694,36.8,0.022,Interlink,,,,,
6685,eIF3g,44,eIF3b,699,7_2,EKVHPLIAQR-HAANGSKK-a2-b7,L.kluyveri/D.hansenii,57,696,57,694,35.29,0.074,Interlink,,,,,
6713,eIF3g,62,eIF3c,82,7_2,YGKEKNTPPGPDTR-KGGASSGANR-a5-b1,L.kluyveri/D.hansenii,75,79,75,76,32.3,0.119,Interlink,,,,,
6689,eIF3i,106,eIF3b,699,7_2,VAFSPDNKR-HAANGSKK-a8-b7,L.kluyveri/D.hansenii,106,696,106,694,35,0.074,Interlink,,,,,
6654,eIF3i,216,eIF3c,116,7_2,SYIVTASKDK-SAKDK-a8-b3,L.kluyveri/D.hansenii,220,113,220,110,39.83,0,Interlink,,,,,
6693,eIF3i,5,eIF3g,29,7_2,MRPIKLMGHER-LNANGQKVK-a5-b7,L.kluyveri/D.hansenii,5,42,5,42,34.21,0.083,Interlink,,,,,
6746,eIF3i,272,eIF3g,29,7_2,NVTTTAESQGKFEAR-LNANGQKVK-a11-b7,L.kluyveri/D.hansenii,276,42,276,42,29.45,0.135,Interlink,,,,,
6644,eIF3i,5,eIF3g,37,7_2,MRPIKLMGHER-IKEVK-a5-b2,L.kluyveri/D.hansenii,5,50,5,50,43.84,0,Interlink,,,,,
6672,eIF3i,290,eIF3g,78,7_2,VKGHFGPLNSIAVHPDGTGYASGGEDGFIR-TTQLGEKVELK-a2-b7,L.kluyveri/D.hansenii,294,91,294,91,36.73,0.022,Interlink,,,,,
6763,eIF3i,272,eIF3g,95,7_2,NVTTTAESQGKFEAR-EIEKQEEESKEEQK-a11-b10,L.kluyveri/D.hansenii,276,111,276,111,28.17,0.197,Interlink,,,,,
6779,eIF3a,766,eIF3b,113,7_3,KEHEEELKLHER-LDQKHR-a1-b4,L.kluyveri/D.hansenii,755,120,752,118,40.35,0,Interlink,,,,,
6828,eIF3a,773,eIF3b,113,7_3,EHEEELKLHER-LDQKHR-a7-b4,L.kluyveri/D.hansenii,762,120,759,118,32.12,0.121,Interlink,,,,,
6835,eIF3a,773,eIF3b,113,7_3,KEHEEELKLHER-LDQKHR-a8-b4,L.kluyveri/D.hansenii,762,120,759,118,31.3,0.212,Interlink,,,,,
6847,eIF3a,656,eIF3b,420,7_3,RAEEKFER-VDRHTKSR-a5-b6,L.kluyveri/D.hansenii,645,433,642,431,29.47,0.241,Interlink,,,,,
6860,eIF3a,656,eIF3b,420,7_3,RAEEKFER-HTKSR-a5-b3,L.kluyveri/D.hansenii,645,433,642,431,28.08,0.265,Interlink,,,,,
6809,eIF3a,844,eIF3b,680,7_3,RQEELKQQQEFER-AKHAANGSK-a6-b2,L.kluyveri/D.hansenii,828,689,825,687,34.09,0.064,Interlink,,,,,
6800,eIF3a,219,eIF3c,82,7_3,QHLDAANYQQSKAGYYTVDLSDADTLQR-KGGASSGANR-a12-b1,L.kluyveri/D.hansenii,222,79,219,76,36.15,0.024,Interlink,,,,,
6769,eIF3a,844,eIF3c,82,7_3,RQEELKQQQEFER-KGGASSGANR-a6-b1,L.kluyveri/D.hansenii,828,79,825,76,44.79,0,Interlink,,,,,
6812,eIF3a,844,eIF3c,268,7_3,RQEELKQQQEFER-GKKGTDHQAQIK-a6-b3,L.kluyveri/D.hansenii,828,274,825,271,33.81,0.083,Interlink,,,,,
6802,eIF3a,599,eIF3c,808,7_3,KAAEER-LNEKK-a1-b4,L.kluyveri/D.hansenii,589,812,586,809,35.94,0.024,Interlink,,,,,
6778,eIF3a,612,eIF3c,808,7_3,TRQLEEEKLR-LNEKK-a8-b4,L.kluyveri/D.hansenii,602,812,599,809,40.84,0,Interlink,,,,,
6841,eIF3a,612,eIF3c,808,7_3,QLEEEKLR-LNEKK-a6-b4,L.kluyveri/D.hansenii,602,812,599,809,30.82,0.212,Interlink,,,,,
6782,eIF3a,638,eIF3c,808,7_3,MMEEKAAADAR-LNEKK-a5-b4,L.kluyveri/D.hansenii,627,812,624,809,40.09,0.024,Interlink,,,,,
6772,eIF3a,589,eIF3c,809,7_3,EHLIQKTNETISR-KFAGNAPQR-a6-b1,L.kluyveri/D.hansenii,579,813,576,810,43.32,0,Interlink,,,,,
6857,eIF3a,612,eIF3c,809,7_3,TRQLEEEKLR-KFAGNAPQR-a8-b1,L.kluyveri/D.hansenii,602,813,599,810,28.56,0.255,Interlink,,,,,
6789,eIF3b,420,eIF3a,599,7_3,HTKSRK-KAAEER-a3-b1,L.kluyveri/D.hansenii,433,589,431,586,38.37,0.024,Interlink,,,,,
6813,eIF3b,669,eIF3a,721,7_3,KLLEQWR-VAFKR-a1-b4,L.kluyveri/D.hansenii,678,710,676,707,33.62,0.083,Interlink,,,,,
6803,eIF3b,12,eIF3a,799,7_3,SLEKEVQLDDLDFSDLEAK-EAKLTEAR-a4-b3,L.kluyveri/D.hansenii,17,788,15,785,35.69,0.024,Interlink,,,,,
6797,eIF3b,699,eIF3i,106,7_3,AKHAANGSKK-VAFSPDNKR-a9-b8,L.kluyveri/D.hansenii,696,106,694,106,36.95,0.024,Interlink,,,,,
6795,eIF3c,82,eIF3a,599,7_3,KGGASSGANR-KAAEER-a1-b1,L.kluyveri/D.hansenii,79,589,76,586,37.55,0.024,Interlink,,,,,
6786,eIF3c,809,eIF3a,599,7_3,KFAGNAPQR-KAAEER-a1-b1,L.kluyveri/D.hansenii,813,589,810,586,38.66,0.024,Interlink,,,,,
6787,eIF3c,809,eIF3a,612,7_3,KFAGNAPQR-QLEEEKLR-a1-b6,L.kluyveri/D.hansenii,813,602,810,599,38.59,0.024,Interlink,,,,,
6816,eIF3c,268,eIF3a,863,7_3,GKKGTDHQAQIK-AESEKAAR-a3-b5,L.kluyveri/D.hansenii,274,850,271,847,33.1,0.083,Interlink,,,,,
6801,eIF3g,62,eIF3a,863,7_3,YGKEKNTPPGPDTR-AESEKAAR-a5-b5,L.kluyveri/D.hansenii,75,850,75,847,36.06,0.024,Interlink,,,,,
6798,eIF3g,44,eIF3b,699,7_3,VKEKVHPLIAQR-HAANGSKK-a4-b7,L.kluyveri/D.hansenii,57,696,57,694,36.27,0.024,Interlink,,,,,
6817,eIF3g,44,eIF3b,699,7_3,EKVHPLIAQR-HAANGSKK-a2-b7,L.kluyveri/D.hansenii,57,696,57,694,33.08,0.083,Interlink,,,,,
6799,eIF3i,106,eIF3b,699,7_3,VAFSPDNKR-HAANGSKK-a8-b7,L.kluyveri/D.hansenii,106,696,106,694,36.27,0.024,Interlink,,,,,
6793,eIF3i,216,eIF3c,116,7_3,SYIVTASKDK-SAKDK-a8-b3,L.kluyveri/D.hansenii,220,113,220,110,37.62,0.024,Interlink,,,,,
6805,eIF3i,5,eIF3g,29,7_3,MRPIKLMGHER-LNANGQKVK-a5-b7,L.kluyveri/D.hansenii,5,42,5,42,35.39,0.024,Interlink,,,,,
6889,eIF3a,599,eIF3b,420,7_4,KAAEER-HTKSR-a1-b3,L.kluyveri/D.hansenii,589,433,586,431,37.88,0,Interlink,,,,,
6906,eIF3a,656,eIF3b,420,7_4,RAEEKFER-VDRHTKSR-a5-b6,L.kluyveri/D.hansenii,645,433,642,431,34.99,0.062,Interlink,,,,,
6955,eIF3a,844,eIF3b,420,7_4,RQEELKQQQEFER-HTKSR-a6-b3,L.kluyveri/D.hansenii,828,433,825,431,28.9,0.202,Interlink,,,,,
6921,eIF3a,863,eIF3b,420,7_4,AESEKAAR-HTKSR-a5-b3,L.kluyveri/D.hansenii,850,433,847,431,33.28,0.062,Interlink,,,,,
6902,eIF3a,219,eIF3c,82,7_4,QHLDAANYQQSKAGYYTVDLSDADTLQR-KGGASSGANR-a12-b1,L.kluyveri/D.hansenii,222,79,219,76,35.79,0.048,Interlink,,,,,
6934,eIF3a,589,eIF3c,82,7_4,EHLIQKTNETISR-KGGASSGANR-a6-b1,L.kluyveri/D.hansenii,579,79,576,76,31.02,0.093,Interlink,,,,,
6864,eIF3a,844,eIF3c,82,7_4,RQEELKQQQEFER-KGGASSGANR-a6-b1,L.kluyveri/D.hansenii,828,79,825,76,44.99,0,Interlink,,,,,
6927,eIF3a,844,eIF3c,494,7_4,RQEELKQQQEFER-QKDAVLR-a6-b2,L.kluyveri/D.hansenii,828,499,825,496,32.07,0.075,Interlink,,,,,
6882,eIF3a,599,eIF3c,808,7_4,KAAEER-LNEKK-a1-b4,L.kluyveri/D.hansenii,589,812,586,809,38.96,0,Interlink,,,,,
6907,eIF3a,612,eIF3c,808,7_4,TRQLEEEKLR-LNEKK-a8-b4,L.kluyveri/D.hansenii,602,812,599,809,34.66,0.062,Interlink,,,,,
6878,eIF3a,844,eIF3i,151,7_4,RQEELKQQQEFER-SDAKK-a6-b4,L.kluyveri/D.hansenii,828,151,825,151,39.38,0,Interlink,,,,,
6876,eIF3a,844,eIF3j,218,7_4,RQEELKQQQEFER-LAKVR-a6-b3,L.kluyveri/D.hansenii,828,222,825,219,40.91,0,Interlink,,,,,
6936,eIF3b,420,eIF3a,599,7_4,VDRHTKSR-KAAEER-a6-b1,L.kluyveri/D.hansenii,433,589,431,586,30.63,0.118,Interlink,,,,,
6881,eIF3b,420,eIF3i,151,7_4,VDRHTKSR-SDAKK-a6-b4,L.kluyveri/D.hansenii,433,151,431,151,39.02,0,Interlink,,,,,
6893,eIF3c,82,eIF3a,599,7_4,KGGASSGANR-KAAEER-a1-b1,L.kluyveri/D.hansenii,79,589,76,586,37.58,0,Interlink,,,,,
6918,eIF3c,92,eIF3a,599,7_4,FLKNANYSDSEDSDDEGR-KAAEER-a3-b1,L.kluyveri/D.hansenii,91,589,88,586,33.74,0.062,Interlink,,,,,
6891,eIF3c,809,eIF3a,599,7_4,KFAGNAPQR-KAAEER-a1-b1,L.kluyveri/D.hansenii,813,589,810,586,37.62,0,Interlink,,,,,
6909,eIF3c,82,eIF3a,612,7_4,KGGASSGANR-QLEEEKLR-a1-b6,L.kluyveri/D.hansenii,79,602,76,599,34.39,0.062,Interlink,,,,,
6931,eIF3c,82,eIF3a,612,7_4,KGGASSGANR-TRQLEEEKLR-a1-b8,L.kluyveri/D.hansenii,79,602,76,599,31.14,0.093,Interlink,,,,,
6953,eIF3c,82,eIF3a,650,7_4,KGGASSGANR-MEAEAKR-a1-b6,L.kluyveri/D.hansenii,79,639,76,636,29.09,0.202,Interlink,,,,,
6915,eIF3c,82,eIF3a,656,7_4,KGGASSGANR-RAEEKFER-a1-b5,L.kluyveri/D.hansenii,79,645,76,642,33.9,0.062,Interlink,,,,,
6922,eIF3c,92,eIF3a,844,7_4,FLKNANYSDSEDSDDEGR-RQEELKQQQEFER-a3-b6,L.kluyveri/D.hansenii,91,828,88,825,33.26,0.062,Interlink,,,,,
6926,eIF3c,82,eIF3a,863,7_4,KGGASSGANR-AESEKAAR-a1-b5,L.kluyveri/D.hansenii,79,850,76,847,32.3,0.062,Interlink,,,,,
6935,eIF3g,62,eIF3a,844,7_4,YGKEKNTPPGPDTR-RQEELKQQQEFER-a5-b6,L.kluyveri/D.hansenii,75,828,75,825,31.02,0.093,Interlink,,,,,
6904,eIF3g,62,eIF3a,863,7_4,YGKEKNTPPGPDTR-AESEKAAR-a5-b5,L.kluyveri/D.hansenii,75,850,75,847,35.51,0.062,Interlink,,,,,
6898,eIF3i,216,eIF3c,116,7_4,SYIVTASKDK-SAKDK-a8-b3,L.kluyveri/D.hansenii,220,113,220,110,36.27,0.026,Interlink,,,,,
7009,eIF3a,599,eIF3b,420,7_5,KAAEER-HTKSR-a1-b3,L.kluyveri/D.hansenii,589,433,586,431,33.2,0.02,Interlink,,,,,
7032,eIF3a,863,eIF3b,420,7_5,AESEKAAR-HTKSR-a5-b3,L.kluyveri/D.hansenii,850,433,847,431,29.19,0.16,Interlink,,,,,
7001,eIF3a,219,eIF3c,82,7_5,QHLDAANYQQSKAGYYTVDLSDADTLQR-KGGASSGANR-a12-b1,L.kluyveri/D.hansenii,222,79,219,76,34.18,0.02,Interlink,,,,,
6992,eIF3a,589,eIF3c,82,7_5,EHLIQKTNETISR-KGGASSGANR-a6-b1,L.kluyveri/D.hansenii,579,79,576,76,35.7,0.02,Interlink,,,,,
6965,eIF3a,844,eIF3c,82,7_5,RQEELKQQQEFER-KGGASSGANR-a6-b1,L.kluyveri/D.hansenii,828,79,825,76,49.67,0,Interlink,,,,,
7041,eIF3a,757,eIF3c,215,7_5,DLENYNDLKQR-ENETLLSKFR-a9-b8,L.kluyveri/D.hansenii,746,212,743,209,28.25,0.165,Interlink,,,,,
7040,eIF3a,612,eIF3c,808,7_5,QLEEEKLR-LNEKK-a6-b4,L.kluyveri/D.hansenii,602,812,599,809,28.74,0.165,Interlink,,,,,
6987,eIF3a,844,eIF3i,151,7_5,RQEELKQQQEFER-SDAKK-a6-b4,L.kluyveri/D.hansenii,828,151,825,151,37.22,0.02,Interlink,,,,,
6984,eIF3c,82,eIF3a,599,7_5,KGGASSGANR-KAAEER-a1-b1,L.kluyveri/D.hansenii,79,589,76,586,38.24,0.02,Interlink,,,,,
6976,eIF3c,92,eIF3a,599,7_5,FLKNANYSDSEDSDDEGR-KAAEER-a3-b1,L.kluyveri/D.hansenii,91,589,88,586,40.4,0,Interlink,,,,,
6979,eIF3c,661,eIF3a,599,7_5,ALEHYEKSSFQGPPETLR-KAAEER-a7-b1,L.kluyveri/D.hansenii,665,589,662,586,39.98,0,Interlink,,,,,
6986,eIF3c,82,eIF3a,612,7_5,KGGASSGANR-QLEEEKLR-a1-b6,L.kluyveri/D.hansenii,79,602,76,599,37.29,0.02,Interlink,,,,,
7038,eIF3c,661,eIF3a,612,7_5,ALEHYEKSSFQGPPETLR-QLEEEKLR-a7-b6,L.kluyveri/D.hansenii,665,602,662,599,28.93,0.16,Interlink,,,,,
6985,eIF3c,82,eIF3a,656,7_5,KGGASSGANR-RAEEKFER-a1-b5,L.kluyveri/D.hansenii,79,645,76,642,37.43,0.02,Interlink,,,,,
7026,eIF3c,82,eIF3a,656,7_5,KGGASSGANR-AEEKFER-a1-b4,L.kluyveri/D.hansenii,79,645,76,642,30.26,0.136,Interlink,,,,,
7006,eIF3c,92,eIF3a,656,7_5,FLKNANYSDSEDSDDEGR-AEEKFER-a3-b4,L.kluyveri/D.hansenii,91,645,88,642,33.99,0.02,Interlink,,,,,
7025,eIF3c,92,eIF3a,656,7_5,FLKNANYSDSEDSDDEGR-RAEEKFER-a3-b5,L.kluyveri/D.hansenii,91,645,88,642,30.31,0.136,Interlink,,,,,
7014,eIF3c,92,eIF3a,757,7_5,FLKNANYSDSEDSDDEGR-DLENYNDLKQR-a3-b9,L.kluyveri/D.hansenii,91,746,88,743,31.82,0.036,Interlink,,,,,
6998,eIF3c,92,eIF3a,844,7_5,FLKNANYSDSEDSDDEGR-RQEELKQQQEFER-a3-b6,L.kluyveri/D.hansenii,91,828,88,825,34.46,0.02,Interlink,,,,,
6972,eIF3c,82,eIF3a,863,7_5,KGGASSGANR-AESEKAAR-a1-b5,L.kluyveri/D.hansenii,79,850,76,847,45.14,0,Interlink,,,,,
6997,eIF3c,92,eIF3b,420,7_5,FLKNANYSDSEDSDDEGR-HTKSR-a3-b3,L.kluyveri/D.hansenii,91,433,88,431,34.54,0.02,Interlink,,,,,
6988,eIF3i,216,eIF3c,116,7_5,SYIVTASKDK-SAKDK-a8-b3,L.kluyveri/D.hansenii,220,113,220,110,37.12,0.02,Interlink,,,,,
