6563,RACK1,107,eIF5,,7_1,FVGHKSDVLSVAIDR-DISKK-a5-b4,L.kluyveri/D.hansenii,108,142,108,,33.45,0.097,Interlink,,,,,
6571,RPS0,88,RPS17,81,7_1,AVLKFSAHTGATAIAGR-KDQYVPDVSALDLSHSK-a4-b1,L.kluyveri/D.hansenii,88,81,88,81,32.67,0.101,Interlink,,,,,
6599,RPS10,52,RPS14,3,7_1,ALQSLTSKGYVK-MAKDLVQAR-a8-b3,L.kluyveri/D.hansenii,52,3,52,3,30.68,0.167,Interlink,,,,,
6540,RPS10,24,RPS29,16,7_1,HLFQEGVVVAKK-NYGKGSR-a11-b4,L.kluyveri/D.hansenii,24,16,24,16,36.17,0.068,Interlink,,,,,
6580,RPS11,43,RPS6,235,7_1,NAGLGFKTPK-ASSLKA-a7-b5,L.kluyveri/D.hansenii,43,235,43,235,32.2,0.108,Interlink,,,,,
6547,RPS11,141,RPS6,235,7_1,FNVLKVSSPAGK-ASSLKA-a5-b5,L.kluyveri/D.hansenii,141,235,141,235,35.4,0.068,Interlink,,,,,
6573,RPS11,141,RPS7,112,7_1,FNVLKVSSPAGK-SRQTQKRPR-a5-b6,L.kluyveri/D.hansenii,141,111,141,111,32.59,0.101,Interlink,,,,,
6625,RPS11,141,RPS7,112,7_1,FNVLKVSSPAGK-QTQKRPR-a5-b4,L.kluyveri/D.hansenii,141,111,141,111,28.7,0.22,Interlink,,,,,
6506,RPS12,85,RPS31,113,7_1,LVEGLANDPENKVPLIK-VDAEGKVTK-a12-b6,L.kluyveri/D.hansenii,85,36,85,113,41.97,0,Interlink,,,,,
6505,RPS14,50,RPS5,222,7_1,VKADRDESSPYAAMLAAQDVAAK-VAKSNR-a2-b3,L.kluyveri/D.hansenii,50,222,50,222,42.02,0,Interlink,,,,,
6612,RPS15,72,RPS18,139,7_1,LAAPENEKPAVVR-GQHTKTTGR-a8-b5,L.kluyveri/D.hansenii,72,139,72,139,29.94,0.2,Interlink,,,,,
6628,RPS15,72,RPS18,139,7_1,LAAPENEKPAVVR-GQHTKTTGRR-a8-b5,L.kluyveri/D.hansenii,72,139,72,139,28.59,0.22,Interlink,,,,,
6604,RPS17,23,RACK1,129,7_1,YYPKLTLDFQTNKR-DKTVK-a4-b2,L.kluyveri/D.hansenii,23,130,23,130,30.26,0.17,Interlink,,,,,
6511,RPS17,14,RPS0,116,7_1,ASKALIER-SFKEPR-a3-b3,L.kluyveri/D.hansenii,14,116,14,116,41.72,0,Interlink,,,,,
6515,RPS17,72,RPS0,116,7_1,GISFKLQEEERER-SFKEPR-a5-b3,L.kluyveri/D.hansenii,72,116,72,116,40.43,0,Interlink,,,,,
6537,RPS17,72,RPS0,116,7_1,GISFKLQEEER-SFKEPR-a5-b3,L.kluyveri/D.hansenii,72,116,72,116,36.49,0.068,Interlink,,,,,
6590,RPS17,44,RPS14,73,7_1,LCDEIATIQSKRLR-CKEVGITAVHVK-a11-b2,L.kluyveri/D.hansenii,44,73,44,73,31.13,0.152,Interlink,,,,,
6622,RPS17,81,RPS4,245,7_1,ERKDQYVPDVSALDLSHSK-GIKLSIAEERDR-a3-b3,L.kluyveri/D.hansenii,81,245,81,245,28.86,0.22,Interlink,,,,,
6566,RPS18,96,RPS15,13,7_1,DVNDGKNYHTLANNLESK-TFKTYSYK-a6-b3,L.kluyveri/D.hansenii,96,13,96,13,33.14,0.097,Interlink,,,,,
6557,RPS2,33,RPS24,37,7_1,ETEEKGWVPVTK-ANVSKDELREK-a5-b5,L.kluyveri/D.hansenii,38,37,38,37,34.03,0.068,Interlink,,,,,
6524,RPS2,119,RPS3,148,7_1,TAKEVASAIR-AKSMK-a3-b2,L.kluyveri/D.hansenii,124,148,124,148,38.68,0.029,Interlink,,,,,
6525,RPS2,33,RPS3,194,7_1,ETEEKGWVPVTK-DPSKNR-a5-b4,L.kluyveri/D.hansenii,38,194,38,194,38.4,0.029,Interlink,,,,,
6532,RPS2,33,RPS3,194,7_1,ETEEKGWVPVTK-IMRDPSKNR-a5-b7,L.kluyveri/D.hansenii,38,194,38,194,37.25,0.029,Interlink,,,,,
6577,RPS2,186,RPS30,53,7_1,GSGIVASPAVKK-FVNVTLTNGKR-a11-b10,L.kluyveri/D.hansenii,191,53,191,53,32.34,0.101,Interlink,,,,,
6593,RPS2,186,RPS30,55,7_1,GSGIVASPAVKK-KMNPSPSSQ-a11-b1,L.kluyveri/D.hansenii,191,55,191,55,30.94,0.167,Interlink,,,,,
6554,RPS2,187,RPS30,55,7_1,KLMQLAGVEDVYTSSTGSTR-KMNPSPSSQ-a1-b1,L.kluyveri/D.hansenii,192,55,192,55,34.45,0.068,Interlink,,,,,
6584,RPS20,101,RPS3,45,7_1,YIDLQAPAQIVKR-VTPTKTEVIIR-a12-b5,L.kluyveri/D.hansenii,99,45,99,45,31.47,0.126,Interlink,,,,,
6565,RPS22,32,RPS7,149,7_1,QVLIRPSSKVIIK-YLVGGNKVQK-a9-b7,L.kluyveri/D.hansenii,32,148,32,148,33.2,0.097,Interlink,,,,,
6514,RPS23,56,RPS5,109,7_1,GIVLEKIGIESK-LKAVR-a6-b2,L.kluyveri/D.hansenii,56,109,56,109,40.48,0,Interlink,,,,,
6541,RPS23,56,RPS9,37,7_1,GIVLEKIGIESK-LAGEYGLKNK-a6-b8,L.kluyveri/D.hansenii,56,37,56,37,36.16,0.068,Interlink,,,,,
6539,RPS24,11,RPS4,53,7_1,KVISNPLLAR-LKYALNGR-a1-b2,L.kluyveri/D.hansenii,11,53,11,53,36.25,0.068,Interlink,,,,,
6600,RPS24,123,RPS6,164,7_1,KVFGTGKR-EVTKGEK-a7-b4,L.kluyveri/D.hansenii,123,164,123,164,30.54,0.167,Interlink,,,,,
6596,RPS25,12,RPS9,51,7_1,AAKAAAALAGGK-ISFQLSKIR-a3-b7,L.kluyveri/D.hansenii,12,51,12,51,30.84,0.167,Interlink,,,,,
6594,RPS26,116,RPS28,14,7_1,VSPADAAKK-VIKVLGR-a8-b3,L.kluyveri/D.hansenii,116,14,116,14,30.89,0.167,Interlink,,,,,
6598,RPS3,212,RACK1,129,7_1,ILEPKDEEPISEPSVK-DKTVK-a5-b2,L.kluyveri/D.hansenii,212,130,212,130,30.7,0.167,Interlink,,,,,
6559,RPS3,108,RPS30,55,7_1,FKLLNGLAIR-KMNPSPSSQ-a2-b1,L.kluyveri/D.hansenii,108,55,108,55,33.72,0.081,Interlink,,,,,
6588,RPS30,20,RPS23,142,7_1,SQTPKVEK-KEKPRS-a5-b3,L.kluyveri/D.hansenii,20,142,20,142,31.28,0.143,Interlink,,,,,
6602,RPS4,71,RPS24,84,7_1,HVKVDGK-KFEPTYR-a3-b1,L.kluyveri/D.hansenii,71,84,71,84,30.37,0.17,Interlink,,,,,
6567,RPS4,211,RPS30,13,7_1,HEGGFDLVHIKDSLDNTFVTR-AGKVK-a11-b3,L.kluyveri/D.hansenii,211,13,211,13,33.08,0.097,Interlink,,,,,
6516,RPS4,134,RPS6,194,7_1,KGVPFVVTHDGR-ALKVK-a1-b3,L.kluyveri/D.hansenii,134,194,134,194,40.27,0,Interlink,,,,,
6545,RPS4,75,RPS6,196,7_1,HVKVDGKVR-VKNAQAQR-a7-b2,L.kluyveri/D.hansenii,75,196,75,196,35.55,0.068,Interlink,,,,,
6508,RPS4,168,RPS6,196,7_1,IDLASGKITDYIK-VKNAQAQR-a7-b2,L.kluyveri/D.hansenii,168,196,168,196,41.81,0,Interlink,,,,,
6499,RPS4,155,RPS6,223,7_1,TIRYPDPNIKINDTVK-NAEKAEAR-a10-b4,L.kluyveri/D.hansenii,155,223,155,223,48.36,0,Interlink,,,,,
6504,RPS4,161,RPS6,223,7_1,INDTVKIDLASGK-NAEKAEAR-a6-b4,L.kluyveri/D.hansenii,161,223,161,223,44.75,0,Interlink,,,,,
6502,RPS4,174,RPS6,223,7_1,ITDYIKFDTGK-NAEKAEAR-a6-b4,L.kluyveri/D.hansenii,174,223,174,223,45.29,0,Interlink,,,,,
6542,RPS4,174,RPS6,223,7_1,ITDYIKFDTGKLVYVTGGR-NAEKAEAR-a6-b4,L.kluyveri/D.hansenii,174,223,174,223,36.01,0.068,Interlink,,,,,
6507,RPS4,179,RPS6,223,7_1,ITDYIKFDTGKLVYVTGGR-NAEKAEAR-a11-b4,L.kluyveri/D.hansenii,179,223,179,223,41.95,0,Interlink,,,,,
6517,RPS4,179,RPS6,223,7_1,FDTGKLVYVTGGR-NAEKAEAR-a5-b4,L.kluyveri/D.hansenii,179,223,179,223,40.1,0,Interlink,,,,,
6528,RPS4,161,RPS6,235,7_1,INDTVKIDLASGK-ASSLKA-a6-b5,L.kluyveri/D.hansenii,161,235,161,235,37.43,0.029,Interlink,,,,,
6576,RPS4,161,RPS6,235,7_1,INDTVKIDLASGK-RASSLKA-a6-b6,L.kluyveri/D.hansenii,161,235,161,235,32.36,0.101,Interlink,,,,,
6561,RPS4,179,RPS6,235,7_1,FDTGKLVYVTGGR-RASSLKA-a5-b6,L.kluyveri/D.hansenii,179,235,179,235,33.48,0.097,Interlink,,,,,
6592,RPS4,179,RPS6,235,7_1,FDTGKLVYVTGGR-ASSLKA-a5-b5,L.kluyveri/D.hansenii,179,235,179,235,31.06,0.16,Interlink,,,,,
6595,RPS4,106,RPS9,68,7_1,LVYDVKGR-DEKDPKR-a6-b6,L.kluyveri/D.hansenii,106,68,106,68,30.88,0.167,Interlink,,,,,
6619,RPS5,45,RPS1,45,7_1,LFNKWSFEDVQVK-NVGKTLVNK-a4-b4,L.kluyveri/D.hansenii,45,45,45,45,29.08,0.213,Interlink,,,,,
6509,RPS5,45,RPS25,90,7_1,LFNKWSFEDVQVK-DGIIKPVSK-a4-b5,L.kluyveri/D.hansenii,45,90,45,90,41.78,0,Interlink,,,,,
6518,RPS6,214,RPS4,168,7_1,EASAEYAQLLAKR-IDLASGKITDYIK-a12-b7,L.kluyveri/D.hansenii,214,168,214,168,40,0,Interlink,,,,,
6589,RPS6,235,RPS4,242,7_1,RASSLKA-GKGIK-a6-b2,L.kluyveri/D.hansenii,235,242,235,242,31.22,0.143,Interlink,,,,,
6501,RPS8,155,RPS11,26,7_1,SADAKIEHAVESQFGAGR-AKANR-a5-b2,L.kluyveri/D.hansenii,153,26,153,26,46.1,0,Interlink,,,,,
6536,RPS8,155,RPS19,68,7_1,SADAKIEHAVESQFGAGR-KQVGVGK-a5-b1,L.kluyveri/D.hansenii,153,68,153,68,36.66,0.053,Interlink,,,,,
6503,RPS9,65,RPS22,119,7_1,DEKDPKR-KHVSGK-a3-b1,L.kluyveri/D.hansenii,65,119,65,119,44.95,0,Interlink,,,,,
6556,RPS9,65,RPS22,119,7_1,DLLTRDEKDPK-RKHVSGK-a8-b2,L.kluyveri/D.hansenii,65,119,65,119,34.04,0.068,Interlink,,,,,
6560,RPS9,115,RPS30,55,7_1,LQTQVYKLGLAK-KMNPSPSSQ-a7-b1,L.kluyveri/D.hansenii,115,55,115,55,33.66,0.081,Interlink,,,,,
6709,RACK1,107,eIF5,,7_2,FVGHKSDVLSVAIDR-DISKK-a5-b4,L.kluyveri/D.hansenii,108,142,108,,32.54,0.119,Interlink,,,,,
6688,RPS0,88,RPS17,81,7_2,AVLKFSAHTGATAIAGR-KDQYVPDVSALDLSHSK-a4-b1,L.kluyveri/D.hansenii,88,81,88,81,35.03,0.074,Interlink,,,,,
6703,RPS10,52,RPS14,3,7_2,ALQSLTSKGYVK-MAKDLVQAR-a8-b3,L.kluyveri/D.hansenii,52,3,52,3,33.07,0.119,Interlink,,,,,
6742,RPS10,5,RPS8,17,7_2,MLIPKEER-AATGAKR-a5-b6,L.kluyveri/D.hansenii,5,17,5,17,29.64,0.135,Interlink,,,,,
6660,RPS11,43,RPS6,235,7_2,NAGLGFKTPK-ASSLKA-a7-b5,L.kluyveri/D.hansenii,43,235,43,235,38.52,0,Interlink,,,,,
6690,RPS11,141,RPS6,235,7_2,FNVLKVSSPAGK-ASSLKA-a5-b5,L.kluyveri/D.hansenii,141,235,141,235,34.98,0.074,Interlink,,,,,
6712,RPS11,141,RPS7,112,7_2,FNVLKVSSPAGK-SRQTQKRPR-a5-b6,L.kluyveri/D.hansenii,141,111,141,111,32.42,0.119,Interlink,,,,,
6681,RPS12,85,RPS31,113,7_2,LVEGLANDPENKVPLIK-VDAEGKVTK-a12-b6,L.kluyveri/D.hansenii,85,36,85,113,35.63,0.022,Interlink,,,,,
6682,RPS14,50,RPS1,11,7_2,VKADRDESSPYAAMLAAQDVAAK-LSKGK-a2-b3,L.kluyveri/D.hansenii,50,11,50,11,35.57,0.022,Interlink,,,,,
6647,RPS14,50,RPS5,222,7_2,VKADRDESSPYAAMLAAQDVAAK-VAKSNR-a2-b3,L.kluyveri/D.hansenii,50,222,50,222,41.34,0,Interlink,,,,,
6671,RPS17,14,RPS0,116,7_2,ASKALIER-SFKEPR-a3-b3,L.kluyveri/D.hansenii,14,116,14,116,36.74,0.022,Interlink,,,,,
6638,RPS17,72,RPS0,116,7_2,GISFKLQEEER-SFKEPR-a5-b3,L.kluyveri/D.hansenii,72,116,72,116,47.49,0,Interlink,,,,,
6649,RPS17,72,RPS0,116,7_2,GISFKLQEEERER-SFKEPR-a5-b3,L.kluyveri/D.hansenii,72,116,72,116,40.82,0,Interlink,,,,,
6764,RPS17,81,RPS20,101,7_2,KDQYVPDVSALDLSHSK-RYIDLQAPAQIVKR-a1-b13,L.kluyveri/D.hansenii,81,99,81,99,28.13,0.197,Interlink,,,,,
6749,RPS18,96,RPS15,13,7_2,DVNDGKNYHTLANNLESK-TFKTYSYK-a6-b3,L.kluyveri/D.hansenii,96,13,96,13,29.17,0.149,Interlink,,,,,
6726,RPS18,80,RPS6,30,7_2,IVQIMQNPTQYKIPAWFLNR-VRVFYDKR-a12-b7,L.kluyveri/D.hansenii,80,30,80,30,31.34,0.119,Interlink,,,,,
6734,RPS2,33,RPS24,37,7_2,ETEEKGWVPVTK-ANVSKDELREK-a5-b5,L.kluyveri/D.hansenii,38,37,38,37,30.53,0.119,Interlink,,,,,
6679,RPS2,119,RPS3,148,7_2,TAKEVASAIR-AKSMK-a3-b2,L.kluyveri/D.hansenii,124,148,124,148,36.06,0.022,Interlink,,,,,
6669,RPS2,33,RPS3,194,7_2,ETEEKGWVPVTK-IMRDPSKNR-a5-b7,L.kluyveri/D.hansenii,38,194,38,194,37,0,Interlink,,,,,
6745,RPS2,33,RPS3,194,7_2,ETEEKGWVPVTK-DPSKNR-a5-b4,L.kluyveri/D.hansenii,38,194,38,194,29.46,0.135,Interlink,,,,,
6652,RPS2,187,RPS30,55,7_2,KLMQLAGVEDVYTSSTGSTR-KMNPSPSSQ-a1-b1,L.kluyveri/D.hansenii,192,55,192,55,40.09,0,Interlink,,,,,
6691,RPS20,101,RPS3,45,7_2,YIDLQAPAQIVKR-VTPTKTEVIIR-a12-b5,L.kluyveri/D.hansenii,99,45,99,45,34.87,0.074,Interlink,,,,,
6661,RPS22,36,RPS7,149,7_2,VIIKFLQVMQK-YLVGGNKVQK-a4-b7,L.kluyveri/D.hansenii,36,148,36,148,38.44,0,Interlink,,,,,
6753,RPS23,56,RPS9,37,7_2,GIVLEKIGIESK-LAGEYGLKNK-a6-b8,L.kluyveri/D.hansenii,56,37,56,37,28.78,0.197,Interlink,,,,,
6737,RPS25,12,RPS9,51,7_2,AAKAAAALAGGK-ISFQLSKIR-a3-b7,L.kluyveri/D.hansenii,12,51,12,51,30.35,0.119,Interlink,,,,,
6711,RPS26,116,RPS28,14,7_2,VSPADAAKK-VIKVLGR-a8-b3,L.kluyveri/D.hansenii,116,14,116,14,32.46,0.119,Interlink,,,,,
6759,RPS3,212,RACK1,129,7_2,ILEPKDEEPISEPSVK-DKTVK-a5-b2,L.kluyveri/D.hansenii,212,130,212,130,28.31,0.197,Interlink,,,,,
6740,RPS3,212,RPS17,23,7_2,ILEPKDEEPISEPSVK-YYPKLTLDFQTNKR-a5-b4,L.kluyveri/D.hansenii,212,23,212,23,29.82,0.135,Interlink,,,,,
6694,RPS3,108,RPS30,55,7_2,FKLLNGLAIR-KMNPSPSSQ-a2-b1,L.kluyveri/D.hansenii,108,55,108,55,34.2,0.083,Interlink,,,,,
6695,RPS4,71,RPS24,84,7_2,HVKVDGK-KFEPTYR-a3-b1,L.kluyveri/D.hansenii,71,84,71,84,34.17,0.083,Interlink,,,,,
6662,RPS4,211,RPS30,13,7_2,HEGGFDLVHIKDSLDNTFVTR-AGKVK-a11-b3,L.kluyveri/D.hansenii,211,13,211,13,38.17,0,Interlink,,,,,
6728,RPS4,211,RPS30,13,7_2,ERHEGGFDLVHIKDSLDNTFVTR-AGKVK-a13-b3,L.kluyveri/D.hansenii,211,13,211,13,31.2,0.119,Interlink,,,,,
6645,RPS4,168,RPS6,196,7_2,IDLASGKITDYIK-VKNAQAQR-a7-b2,L.kluyveri/D.hansenii,168,196,168,196,43.13,0,Interlink,,,,,
6651,RPS4,168,RPS6,196,7_2,IDLASGKITDYIKFDTGK-VKNAQAQR-a7-b2,L.kluyveri/D.hansenii,168,196,168,196,40.1,0,Interlink,,,,,
6683,RPS4,155,RPS6,223,7_2,TIRYPDPNIKINDTVK-NAEKAEAR-a10-b4,L.kluyveri/D.hansenii,155,223,155,223,35.47,0.043,Interlink,,,,,
6714,RPS4,161,RPS6,223,7_2,INDTVKIDLASGK-NAEKAEAR-a6-b4,L.kluyveri/D.hansenii,161,223,161,223,32.25,0.119,Interlink,,,,,
6646,RPS4,174,RPS6,223,7_2,ITDYIKFDTGK-NAEKAEAR-a6-b4,L.kluyveri/D.hansenii,174,223,174,223,41.99,0,Interlink,,,,,
6642,RPS4,179,RPS6,223,7_2,ITDYIKFDTGKLVYVTGGR-NAEKAEAR-a11-b4,L.kluyveri/D.hansenii,179,223,179,223,44.8,0,Interlink,,,,,
6659,RPS4,179,RPS6,223,7_2,FDTGKLVYVTGGR-NAEKAEAR-a5-b4,L.kluyveri/D.hansenii,179,223,179,223,38.74,0,Interlink,,,,,
6673,RPS4,161,RPS6,235,7_2,INDTVKIDLASGK-ASSLKA-a6-b5,L.kluyveri/D.hansenii,161,235,161,235,36.61,0.022,Interlink,,,,,
6722,RPS4,161,RPS6,235,7_2,INDTVKIDLASGK-RASSLKA-a6-b6,L.kluyveri/D.hansenii,161,235,161,235,31.63,0.119,Interlink,,,,,
6715,RPS4,179,RPS6,235,7_2,FDTGKLVYVTGGR-ASSLKA-a5-b5,L.kluyveri/D.hansenii,179,235,179,235,32.14,0.119,Interlink,,,,,
6747,RPS4,179,RPS6,235,7_2,ITDYIKFDTGKLVYVTGGR-ASSLKA-a11-b5,L.kluyveri/D.hansenii,179,235,179,235,29.35,0.135,Interlink,,,,,
6677,RPS5,213,RPS25,30,7_2,KKDELER-KSHKDK-a1-b1,L.kluyveri/D.hansenii,213,30,213,30,36.08,0.022,Interlink,,,,,
6653,RPS5,214,RPS25,30,7_2,KKDELER-KSHKDK-a2-b1,L.kluyveri/D.hansenii,214,30,214,30,40.02,0,Interlink,,,,,
6640,RPS5,45,RPS25,90,7_2,LFNKWSFEDVQVK-DGIIKPVSK-a4-b5,L.kluyveri/D.hansenii,45,90,45,90,45.21,0,Interlink,,,,,
6663,RPS6,214,RPS4,168,7_2,EASAEYAQLLAKR-IDLASGKITDYIK-a12-b7,L.kluyveri/D.hansenii,214,168,214,168,38.17,0,Interlink,,,,,
6752,RPS8,128,RPS11,26,7_2,NVKGAEEETVAK-AKANRR-a3-b2,L.kluyveri/D.hansenii,128,26,128,26,28.99,0.174,Interlink,,,,,
6706,RPS8,139,RPS11,26,7_2,GAEEETVAKSR-AKANRR-a9-b2,L.kluyveri/D.hansenii,137,26,137,26,32.94,0.119,Interlink,,,,,
6639,RPS8,155,RPS11,26,7_2,SADAKIEHAVESQFGAGR-AKANR-a5-b2,L.kluyveri/D.hansenii,153,26,153,26,45.55,0,Interlink,,,,,
6716,RPS8,155,RPS19,68,7_2,SADAKIEHAVESQFGAGR-KQVGVGK-a5-b1,L.kluyveri/D.hansenii,153,68,153,68,32.04,0.119,Interlink,,,,,
6701,RPS8,155,RPS28,14,7_2,SADAKIEHAVESQFGAGR-VIKVLGR-a5-b3,L.kluyveri/D.hansenii,153,14,153,14,33.12,0.119,Interlink,,,,,
6698,RPS9,65,RPS22,119,7_2,DLLTRDEKDPK-RKHVSGK-a8-b2,L.kluyveri/D.hansenii,65,119,65,119,33.61,0.098,Interlink,,,,,
6758,RPS9,29,RPS30,55,7_2,LDAELKLAGEYGLK-KMNPSPSSQ-a6-b1,L.kluyveri/D.hansenii,29,55,29,55,28.33,0.197,Interlink,,,,,
6808,RACK1,107,eIF5,,7_3,FVGHKSDVLSVAIDR-DISKK-a5-b4,L.kluyveri/D.hansenii,108,142,108,,34.21,0.064,Interlink,,,,,
6790,RPS0,88,RPS17,81,7_3,AVLKFSAHTGATAIAGR-KDQYVPDVSALDLSHSK-a4-b1,L.kluyveri/D.hansenii,88,81,88,81,38.11,0.024,Interlink,,,,,
6821,RPS10,24,RPS29,16,7_3,HLFQEGVVVAKK-NYGKGSR-a11-b4,L.kluyveri/D.hansenii,24,16,24,16,32.7,0.083,Interlink,,,,,
6811,RPS11,43,RPS6,235,7_3,NAGLGFKTPK-ASSLKA-a7-b5,L.kluyveri/D.hansenii,43,235,43,235,34.05,0.064,Interlink,,,,,
6825,RPS11,141,RPS6,235,7_3,FNVLKVSSPAGK-ASSLKA-a5-b5,L.kluyveri/D.hansenii,141,235,141,235,32.44,0.113,Interlink,,,,,
6823,RPS11,141,RPS7,112,7_3,FNVLKVSSPAGK-QTQKRPRSR-a5-b4,L.kluyveri/D.hansenii,141,111,141,111,32.6,0.083,Interlink,,,,,
6771,RPS12,85,RPS31,113,7_3,LVEGLANDPENKVPLIK-VDAEGKVTK-a12-b6,L.kluyveri/D.hansenii,85,36,85,113,43.7,0,Interlink,,,,,
6853,RPS14,48,RPS5,222,7_3,VTGGMKVK-VAKSNR-a6-b3,L.kluyveri/D.hansenii,48,222,48,222,28.93,0.255,Interlink,,,,,
6773,RPS14,50,RPS5,222,7_3,VKADRDESSPYAAMLAAQDVAAK-VAKSNR-a2-b3,L.kluyveri/D.hansenii,50,222,50,222,42.62,0,Interlink,,,,,
6791,RPS17,14,RPS0,116,7_3,ASKALIER-SFKEPR-a3-b3,L.kluyveri/D.hansenii,14,116,14,116,38.01,0.024,Interlink,,,,,
6767,RPS17,72,RPS0,116,7_3,GISFKLQEEER-SFKEPR-a5-b3,L.kluyveri/D.hansenii,72,116,72,116,46,0,Interlink,,,,,
6783,RPS17,72,RPS0,116,7_3,GISFKLQEEERER-SFKEPR-a5-b3,L.kluyveri/D.hansenii,72,116,72,116,39.94,0.024,Interlink,,,,,
6839,RPS18,96,RPS15,13,7_3,DVNDGKNYHTLANNLESK-TFKTYSYK-a6-b3,L.kluyveri/D.hansenii,96,13,96,13,30.86,0.212,Interlink,,,,,
6804,RPS2,163,RPS21,25,7_3,TSGKSGSVTVR-IIKAK-a4-b3,L.kluyveri/D.hansenii,167,25,167,25,35.39,0.024,Interlink,,,,,
6814,RPS2,33,RPS24,37,7_3,ETEEKGWVPVTK-ANVSKDELREK-a5-b5,L.kluyveri/D.hansenii,38,37,38,37,33.55,0.083,Interlink,,,,,
6785,RPS2,119,RPS3,148,7_3,TAKEVASAIR-AKSMK-a3-b2,L.kluyveri/D.hansenii,124,148,124,148,39.37,0.024,Interlink,,,,,
6788,RPS2,33,RPS3,194,7_3,ETEEKGWVPVTK-IMRDPSKNR-a5-b7,L.kluyveri/D.hansenii,38,194,38,194,38.53,0.024,Interlink,,,,,
6815,RPS2,33,RPS3,194,7_3,ETEEKGWVPVTK-DPSKNR-a5-b4,L.kluyveri/D.hansenii,38,194,38,194,33.28,0.083,Interlink,,,,,
6842,RPS2,186,RPS30,53,7_3,GSGIVASPAVKK-FVNVTLTNGKR-a11-b10,L.kluyveri/D.hansenii,191,53,191,53,30.69,0.212,Interlink,,,,,
6780,RPS2,187,RPS30,55,7_3,KLMQLAGVEDVYTSSTGSTR-KMNPSPSSQ-a1-b1,L.kluyveri/D.hansenii,192,55,192,55,40.31,0,Interlink,,,,,
6829,RPS20,101,RPS3,45,7_3,YIDLQAPAQIVKR-VTPTKTEVIIR-a12-b5,L.kluyveri/D.hansenii,99,45,99,45,32.01,0.121,Interlink,,,,,
6774,RPS22,36,RPS7,149,7_3,VIIKFLQVMQK-YLVGGNKVQK-a4-b7,L.kluyveri/D.hansenii,36,148,36,148,42.48,0,Interlink,,,,,
6859,RPS25,52,RPS3,148,7_3,LDRIYKEVPTYR-AKSMK-a6-b2,L.kluyveri/D.hansenii,52,148,52,148,28.1,0.263,Interlink,,,,,
6836,RPS25,21,RPS5,214,7_3,AAAALAGGKK-KKDELER-a9-b2,L.kluyveri/D.hansenii,21,214,21,214,31.06,0.212,Interlink,,,,,
6820,RPS25,12,RPS9,51,7_3,AAKAAAALAGGK-ISFQLSKIR-a3-b7,L.kluyveri/D.hansenii,12,51,12,51,32.77,0.083,Interlink,,,,,
6819,RPS26,116,RPS28,14,7_3,VSPADAAKK-VIKVLGR-a8-b3,L.kluyveri/D.hansenii,116,14,116,14,32.79,0.083,Interlink,,,,,
6832,RPS3,212,RACK1,129,7_3,ILEPKDEEPISEPSVK-DKTVK-a5-b2,L.kluyveri/D.hansenii,212,130,212,130,31.62,0.159,Interlink,,,,,
6858,RPS3,212,RPS17,23,7_3,ILEPKDEEPISEPSVK-YYPKLTLDFQTNKR-a5-b4,L.kluyveri/D.hansenii,212,23,212,23,28.54,0.255,Interlink,,,,,
6826,RPS3,108,RPS30,55,7_3,FKLLNGLAIR-KMNPSPSSQ-a2-b1,L.kluyveri/D.hansenii,108,55,108,55,32.38,0.113,Interlink,,,,,
6810,RPS4,71,RPS24,84,7_3,HVKVDGK-KFEPTYR-a3-b1,L.kluyveri/D.hansenii,71,84,71,84,34.08,0.064,Interlink,,,,,
6838,RPS4,211,RPS30,13,7_3,HEGGFDLVHIKDSLDNTFVTR-AGKVK-a11-b3,L.kluyveri/D.hansenii,211,13,211,13,30.9,0.212,Interlink,,,,,
6851,RPS4,211,RPS30,13,7_3,ERHEGGFDLVHIKDSLDNTFVTR-AGKVK-a13-b3,L.kluyveri/D.hansenii,211,13,211,13,29.02,0.255,Interlink,,,,,
6831,RPS4,71,RPS6,196,7_3,HVKVDGKVR-VKNAQAQR-a3-b2,L.kluyveri/D.hansenii,71,196,71,196,31.64,0.159,Interlink,,,,,
6766,RPS4,168,RPS6,196,7_3,IDLASGKITDYIKFDTGK-VKNAQAQR-a7-b2,L.kluyveri/D.hansenii,168,196,168,196,47.29,0,Interlink,,,,,
6776,RPS4,168,RPS6,196,7_3,IDLASGKITDYIK-VKNAQAQR-a7-b2,L.kluyveri/D.hansenii,168,196,168,196,41.43,0,Interlink,,,,,
6792,RPS4,174,RPS6,196,7_3,IDLASGKITDYIKFDTGK-VKNAQAQR-a13-b2,L.kluyveri/D.hansenii,174,196,174,196,37.66,0.024,Interlink,,,,,
6777,RPS4,155,RPS6,223,7_3,TIRYPDPNIKINDTVK-NAEKAEAR-a10-b4,L.kluyveri/D.hansenii,155,223,155,223,41.35,0,Interlink,,,,,
6833,RPS4,161,RPS6,223,7_3,INDTVKIDLASGK-NAEKAEAR-a6-b4,L.kluyveri/D.hansenii,161,223,161,223,31.61,0.159,Interlink,,,,,
6770,RPS4,174,RPS6,223,7_3,ITDYIKFDTGK-NAEKAEAR-a6-b4,L.kluyveri/D.hansenii,174,223,174,223,43.98,0,Interlink,,,,,
6768,RPS4,179,RPS6,223,7_3,ITDYIKFDTGKLVYVTGGR-NAEKAEAR-a11-b4,L.kluyveri/D.hansenii,179,223,179,223,45.49,0,Interlink,,,,,
6784,RPS4,179,RPS6,223,7_3,FDTGKLVYVTGGR-NAEKAEAR-a5-b4,L.kluyveri/D.hansenii,179,223,179,223,39.45,0.024,Interlink,,,,,
6807,RPS4,161,RPS6,235,7_3,INDTVKIDLASGK-ASSLKA-a6-b5,L.kluyveri/D.hansenii,161,235,161,235,34.71,0.047,Interlink,,,,,
6827,RPS4,161,RPS6,235,7_3,INDTVKIDLASGK-RASSLKA-a6-b6,L.kluyveri/D.hansenii,161,235,161,235,32.14,0.121,Interlink,,,,,
6844,RPS4,174,RPS6,235,7_3,ITDYIKFDTGKLVYVTGGR-ASSLKA-a6-b5,L.kluyveri/D.hansenii,174,235,174,235,30.4,0.212,Interlink,,,,,
6822,RPS4,179,RPS6,235,7_3,FDTGKLVYVTGGR-ASSLKA-a5-b5,L.kluyveri/D.hansenii,179,235,179,235,32.67,0.083,Interlink,,,,,
6830,RPS4,179,RPS6,235,7_3,FDTGKLVYVTGGR-RASSLKA-a5-b6,L.kluyveri/D.hansenii,179,235,179,235,31.92,0.121,Interlink,,,,,
6837,RPS5,213,RPS25,30,7_3,KKDELER-KSHKDK-a1-b1,L.kluyveri/D.hansenii,213,30,213,30,30.93,0.212,Interlink,,,,,
6794,RPS5,214,RPS25,30,7_3,KKDELER-KSHKDK-a2-b1,L.kluyveri/D.hansenii,214,30,214,30,37.55,0.024,Interlink,,,,,
6781,RPS5,45,RPS25,90,7_3,LFNKWSFEDVQVK-DGIIKPVSK-a4-b5,L.kluyveri/D.hansenii,45,90,45,90,40.26,0,Interlink,,,,,
6775,RPS6,214,RPS4,168,7_3,EASAEYAQLLAKR-IDLASGKITDYIK-a12-b7,L.kluyveri/D.hansenii,214,168,214,168,41.56,0,Interlink,,,,,
6846,RPS6,235,RPS4,242,7_3,RASSLKA-GKGIK-a6-b2,L.kluyveri/D.hansenii,235,242,235,242,29.64,0.241,Interlink,,,,,
6840,RPS8,128,RPS11,26,7_3,NVKGAEEETVAK-AKANRR-a3-b2,L.kluyveri/D.hansenii,128,26,128,26,30.86,0.212,Interlink,,,,,
6765,RPS8,155,RPS11,26,7_3,SADAKIEHAVESQFGAGR-AKANR-a5-b2,L.kluyveri/D.hansenii,153,26,153,26,48.96,0,Interlink,,,,,
6834,RPS8,155,RPS11,26,7_3,SADAKIEHAVESQFGAGR-AKANRR-a5-b2,L.kluyveri/D.hansenii,153,26,153,26,31.45,0.2,Interlink,,,,,
6854,RPS8,155,RPS28,14,7_3,SADAKIEHAVESQFGAGR-VIKVLGR-a5-b3,L.kluyveri/D.hansenii,153,14,153,14,28.81,0.255,Interlink,,,,,
6818,RPS9,65,RPS22,119,7_3,DLLTRDEKDPK-RKHVSGK-a8-b2,L.kluyveri/D.hansenii,65,119,65,119,32.96,0.083,Interlink,,,,,
6796,RPS9,29,RPS30,55,7_3,LDAELKLAGEYGLK-KMNPSPSSQ-a6-b1,L.kluyveri/D.hansenii,29,55,29,55,37.06,0.024,Interlink,,,,,
6914,RPS0,88,RPS17,63,7_4,AVLKFSAHTGATAIAGR-IQKGPVR-a4-b3,L.kluyveri/D.hansenii,88,63,88,63,33.92,0.062,Interlink,,,,,
6945,RPS0,88,RPS17,81,7_4,AVLKFSAHTGATAIAGR-KDQYVPDVSALDLSHSK-a4-b1,L.kluyveri/D.hansenii,88,81,88,81,29.85,0.153,Interlink,,,,,
6913,RPS10,24,RPS29,16,7_4,HLFQEGVVVAKK-NYGKGSR-a11-b4,L.kluyveri/D.hansenii,24,16,24,16,33.98,0.062,Interlink,,,,,
6963,RPS10,5,RPS8,17,7_4,MLIPKEER-AATGAKR-a5-b6,L.kluyveri/D.hansenii,5,17,5,17,28.16,0.231,Interlink,,,,,
6895,RPS11,43,RPS6,235,7_4,NAGLGFKTPK-ASSLKA-a7-b5,L.kluyveri/D.hansenii,43,235,43,235,36.57,0.026,Interlink,,,,,
6938,RPS11,141,RPS6,235,7_4,FNVLKVSSPAGK-ASSLKA-a5-b5,L.kluyveri/D.hansenii,141,235,141,235,30.44,0.136,Interlink,,,,,
6920,RPS11,141,RPS7,112,7_4,FNVLKVSSPAGK-QTQKRPR-a5-b4,L.kluyveri/D.hansenii,141,111,141,111,33.59,0.062,Interlink,,,,,
6959,RPS12,85,RPS31,113,7_4,LVEGLANDPENKVPLIK-VDAEGKVTK-a12-b6,L.kluyveri/D.hansenii,85,36,85,113,28.57,0.202,Interlink,,,,,
6879,RPS14,50,RPS5,222,7_4,VKADRDESSPYAAMLAAQDVAAK-VAKSNR-a2-b3,L.kluyveri/D.hansenii,50,222,50,222,39.37,0,Interlink,,,,,
6932,RPS15,72,RPS18,139,7_4,LAAPENEKPAVVR-GQHTKTTGR-a8-b5,L.kluyveri/D.hansenii,72,139,72,139,31.1,0.093,Interlink,,,,,
6958,RPS17,23,RACK1,129,7_4,YYPKLTLDFQTNKR-DKTVK-a4-b2,L.kluyveri/D.hansenii,23,130,23,130,28.62,0.202,Interlink,,,,,
6863,RPS17,14,RPS0,116,7_4,ASKALIER-SFKEPR-a3-b3,L.kluyveri/D.hansenii,14,116,14,116,45.07,0,Interlink,,,,,
6868,RPS17,72,RPS0,116,7_4,GISFKLQEEERER-SFKEPR-a5-b3,L.kluyveri/D.hansenii,72,116,72,116,41.89,0,Interlink,,,,,
6894,RPS17,72,RPS0,116,7_4,GISFKLQEEER-SFKEPR-a5-b3,L.kluyveri/D.hansenii,72,116,72,116,36.94,0,Interlink,,,,,
6960,RPS17,44,RPS14,73,7_4,LCDEIATIQSKRLR-CKEVGITAVHVK-a11-b2,L.kluyveri/D.hansenii,44,73,44,73,28.28,0.216,Interlink,,,,,
6910,RPS18,96,RPS15,13,7_4,DVNDGKNYHTLANNLESK-TFKTYSYK-a6-b3,L.kluyveri/D.hansenii,96,13,96,13,34.28,0.062,Interlink,,,,,
6954,RPS18,96,RPS15,13,7_4,QKDVNDGKNYHTLANNLESK-TFKTYSYK-a8-b3,L.kluyveri/D.hansenii,96,13,96,13,29.02,0.202,Interlink,,,,,
6917,RPS19,118,RPS11,26,7_4,IGVVEISPKGGRR-AKANR-a9-b2,L.kluyveri/D.hansenii,118,26,118,26,33.79,0.062,Interlink,,,,,
6951,RPS2,119,RPS16,133,7_4,TAKEVASAIR-FGGKGARSR-a3-b4,L.kluyveri/D.hansenii,124,132,124,132,29.48,0.202,Interlink,,,,,
6870,RPS2,163,RPS21,25,7_4,TSGKSGSVTVR-IIKAK-a4-b3,L.kluyveri/D.hansenii,167,25,167,25,41.7,0,Interlink,,,,,
6899,RPS2,119,RPS3,148,7_4,TAKEVASAIR-AKSMK-a3-b2,L.kluyveri/D.hansenii,124,148,124,148,36.27,0.026,Interlink,,,,,
6901,RPS2,33,RPS3,194,7_4,ETEEKGWVPVTK-IMRDPSKNR-a5-b7,L.kluyveri/D.hansenii,38,194,38,194,35.83,0.048,Interlink,,,,,
6952,RPS2,33,RPS3,194,7_4,ETEEKGWVPVTK-DPSKNR-a5-b4,L.kluyveri/D.hansenii,38,194,38,194,29.38,0.202,Interlink,,,,,
6943,RPS2,119,RPS30,55,7_4,TAKEVASAIR-KMNPSPSSQ-a3-b1,L.kluyveri/D.hansenii,124,55,124,55,30.09,0.145,Interlink,,,,,
6885,RPS2,187,RPS30,55,7_4,KLMQLAGVEDVYTSSTGSTR-KMNPSPSSQ-a1-b1,L.kluyveri/D.hansenii,192,55,192,55,38.41,0,Interlink,,,,,
6905,RPS20,101,RPS3,45,7_4,YIDLQAPAQIVKR-VTPTKTEVIIR-a12-b5,L.kluyveri/D.hansenii,99,45,99,45,35.19,0.062,Interlink,,,,,
6944,RPS22,32,RPS7,149,7_4,QVLIRPSSKVIIK-YLVGGNKVQK-a9-b7,L.kluyveri/D.hansenii,32,148,32,148,29.88,0.153,Interlink,,,,,
6897,RPS23,56,RPS9,37,7_4,GIVLEKIGIESK-LAGEYGLKNK-a6-b8,L.kluyveri/D.hansenii,56,37,56,37,36.38,0.026,Interlink,,,,,
6867,RPS24,11,RPS4,53,7_4,KVISNPLLAR-LKYALNGR-a1-b2,L.kluyveri/D.hansenii,11,53,11,53,42,0,Interlink,,,,,
6911,RPS24,123,RPS6,164,7_4,KVFGTGKR-EVTKGEK-a7-b4,L.kluyveri/D.hansenii,123,164,123,164,34.08,0.062,Interlink,,,,,
6916,RPS26,116,RPS28,14,7_4,VSPADAAKK-VIKVLGR-a8-b3,L.kluyveri/D.hansenii,116,14,116,14,33.8,0.062,Interlink,,,,,
6941,RPS3,212,RPS17,23,7_4,ILEPKDEEPISEPSVK-YYPKLTLDFQTNKR-a5-b4,L.kluyveri/D.hansenii,212,23,212,23,30.12,0.136,Interlink,,,,,
6928,RPS3,108,RPS30,55,7_4,FKLLNGLAIR-KMNPSPSSQ-a2-b1,L.kluyveri/D.hansenii,108,55,108,55,31.94,0.087,Interlink,,,,,
6964,RPS3,132,RPS31,149,7_4,YVMESGAKGCEVVISGK-CHATFKIKS-a8-b6,L.kluyveri/D.hansenii,132,72,132,149,28.11,0.231,Interlink,,,,,
6962,RPS30,20,RPS23,140,7_4,SQTPKVEK-EKKEKPR-a5-b3,L.kluyveri/D.hansenii,20,140,20,140,28.22,0.216,Interlink,,,,,
6961,RPS30,23,RPS28,45,7_4,VEKQEKPKQPK-NVKGPVR-a3-b3,L.kluyveri/D.hansenii,23,45,23,45,28.22,0.216,Interlink,,,,,
6919,RPS4,71,RPS24,84,7_4,HVKVDGK-KFEPTYR-a3-b1,L.kluyveri/D.hansenii,71,84,71,84,33.65,0.062,Interlink,,,,,
6883,RPS4,211,RPS30,13,7_4,HEGGFDLVHIKDSLDNTFVTR-AGKVK-a11-b3,L.kluyveri/D.hansenii,211,13,211,13,38.79,0,Interlink,,,,,
6861,RPS4,134,RPS6,194,7_4,KGVPFVVTHDGR-ALKVK-a1-b3,L.kluyveri/D.hansenii,134,194,134,194,45.55,0,Interlink,,,,,
6873,RPS4,71,RPS6,196,7_4,HVKVDGKVR-VKNAQAQR-a3-b2,L.kluyveri/D.hansenii,71,196,71,196,41.35,0,Interlink,,,,,
6908,RPS4,75,RPS6,196,7_4,HVKVDGKVR-VKNAQAQR-a7-b2,L.kluyveri/D.hansenii,75,196,75,196,34.43,0.062,Interlink,,,,,
6888,RPS4,168,RPS6,196,7_4,IDLASGKITDYIK-VKNAQAQR-a7-b2,L.kluyveri/D.hansenii,168,196,168,196,38.02,0,Interlink,,,,,
6871,RPS4,155,RPS6,223,7_4,TIRYPDPNIKINDTVK-NAEKAEAR-a10-b4,L.kluyveri/D.hansenii,155,223,155,223,41.47,0,Interlink,,,,,
6875,RPS4,161,RPS6,223,7_4,INDTVKIDLASGK-NAEKAEAR-a6-b4,L.kluyveri/D.hansenii,161,223,161,223,41.09,0,Interlink,,,,,
6872,RPS4,174,RPS6,223,7_4,ITDYIKFDTGKLVYVTGGR-NAEKAEAR-a6-b4,L.kluyveri/D.hansenii,174,223,174,223,41.46,0,Interlink,,,,,
6892,RPS4,174,RPS6,223,7_4,ITDYIKFDTGK-NAEKAEAR-a6-b4,L.kluyveri/D.hansenii,174,223,174,223,37.6,0,Interlink,,,,,
6866,RPS4,179,RPS6,223,7_4,ITDYIKFDTGKLVYVTGGR-NAEKAEAR-a11-b4,L.kluyveri/D.hansenii,179,223,179,223,42.37,0,Interlink,,,,,
6869,RPS4,179,RPS6,223,7_4,FDTGKLVYVTGGR-NAEKAEAR-a5-b4,L.kluyveri/D.hansenii,179,223,179,223,41.7,0,Interlink,,,,,
6880,RPS4,161,RPS6,235,7_4,INDTVKIDLASGK-ASSLKA-a6-b5,L.kluyveri/D.hansenii,161,235,161,235,39.26,0,Interlink,,,,,
6937,RPS4,161,RPS6,235,7_4,INDTVKIDLASGK-RASSLKA-a6-b6,L.kluyveri/D.hansenii,161,235,161,235,30.53,0.136,Interlink,,,,,
6900,RPS4,179,RPS6,235,7_4,FDTGKLVYVTGGR-ASSLKA-a5-b5,L.kluyveri/D.hansenii,179,235,179,235,36.07,0.048,Interlink,,,,,
6903,RPS4,179,RPS6,235,7_4,FDTGKLVYVTGGR-RASSLKA-a5-b6,L.kluyveri/D.hansenii,179,235,179,235,35.69,0.062,Interlink,,,,,
6947,RPS4,106,RPS9,68,7_4,LVYDVKGR-DEKDPKR-a6-b6,L.kluyveri/D.hansenii,106,68,106,68,29.69,0.169,Interlink,,,,,
6939,RPS5,45,RPS1,45,7_4,LFNKWSFEDVQVK-NVGKTLVNK-a4-b4,L.kluyveri/D.hansenii,45,45,45,45,30.3,0.136,Interlink,,,,,
6877,RPS5,45,RPS25,90,7_4,LFNKWSFEDVQVK-DGIIKPVSK-a4-b5,L.kluyveri/D.hansenii,45,90,45,90,40.68,0,Interlink,,,,,
6930,RPS6,131,RPS24,123,7_4,RGEQELEGVTDQSIPKR-VFGTGKR-a16-b6,L.kluyveri/D.hansenii,131,123,131,123,31.29,0.093,Interlink,,,,,
6949,RPS6,164,RPS24,123,7_4,EVTKGEK-VFGTGKR-a4-b6,L.kluyveri/D.hansenii,164,123,164,123,29.61,0.169,Interlink,,,,,
6912,RPS6,196,RPS4,75,7_4,VKNAQAQR-VDGKVR-a2-b4,L.kluyveri/D.hansenii,196,75,196,75,34.06,0.062,Interlink,,,,,
6865,RPS6,214,RPS4,168,7_4,EASAEYAQLLAKR-IDLASGKITDYIK-a12-b7,L.kluyveri/D.hansenii,214,168,214,168,44.96,0,Interlink,,,,,
6924,RPS6,235,RPS4,242,7_4,RASSLKA-GKGIK-a6-b2,L.kluyveri/D.hansenii,235,242,235,242,32.89,0.062,Interlink,,,,,
6862,RPS8,155,RPS11,26,7_4,SADAKIEHAVESQFGAGR-AKANR-a5-b2,L.kluyveri/D.hansenii,153,26,153,26,45.35,0,Interlink,,,,,
6884,RPS8,155,RPS19,68,7_4,SADAKIEHAVESQFGAGR-KQVGVGK-a5-b1,L.kluyveri/D.hansenii,153,68,153,68,38.77,0,Interlink,,,,,
6925,RPS8,155,RPS6,194,7_4,SADAKIEHAVESQFGAGR-KRQQR-a5-b1,L.kluyveri/D.hansenii,153,187,153,187,32.53,0.062,Interlink,,,,,
6874,RPS9,65,RPS22,119,7_4,DEKDPKR-KHVSGK-a3-b1,L.kluyveri/D.hansenii,65,119,65,119,41.3,0,Interlink,,,,,
6886,RPS9,65,RPS22,119,7_4,DEKDPKR-RKHVSGK-a3-b2,L.kluyveri/D.hansenii,65,119,65,119,38.28,0,Interlink,,,,,
6890,RPS9,65,RPS22,119,7_4,DLLTRDEKDPK-RKHVSGK-a8-b2,L.kluyveri/D.hansenii,65,119,65,119,37.79,0,Interlink,,,,,
6950,RPS9,179,RPS23,140,7_4,NNNKGSEAAEAEDEE-FKVVK-a4-b2,L.kluyveri/D.hansenii,179,123,179,123,29.53,0.189,Interlink,,,,,
6933,RPS9,29,RPS30,55,7_4,LDAELKLAGEYGLK-KMNPSPSSQ-a6-b1,L.kluyveri/D.hansenii,29,55,29,55,31.1,0.093,Interlink,,,,,
7008,RPS0,88,RPS17,63,7_5,AVLKFSAHTGATAIAGR-IQKGPVR-a4-b3,L.kluyveri/D.hansenii,88,63,88,63,33.54,0.02,Interlink,,,,,
7002,RPS10,52,RPS14,3,7_5,ALQSLTSKGYVK-MAKDLVQAR-a8-b3,L.kluyveri/D.hansenii,52,3,52,3,34.14,0.02,Interlink,,,,,
7003,RPS10,24,RPS29,16,7_5,HLFQEGVVVAKK-NYGKGSR-a11-b4,L.kluyveri/D.hansenii,24,16,24,16,34.12,0.02,Interlink,,,,,
6999,RPS11,43,RPS6,235,7_5,NAGLGFKTPK-ASSLKA-a7-b5,L.kluyveri/D.hansenii,43,235,43,235,34.34,0.02,Interlink,,,,,
7021,RPS11,141,RPS7,112,7_5,FNVLKVSSPAGK-QTQKRPR-a5-b4,L.kluyveri/D.hansenii,141,111,141,111,31.2,0.05,Interlink,,,,,
7007,RPS15,72,RPS18,139,7_5,LAAPENEKPAVVR-GQHTKTTGR-a8-b5,L.kluyveri/D.hansenii,72,139,72,139,33.92,0.02,Interlink,,,,,
7028,RPS17,23,RACK1,129,7_5,YYPKLTLDFQTNKR-DKTVK-a4-b2,L.kluyveri/D.hansenii,23,130,23,130,30.16,0.136,Interlink,,,,,
6981,RPS17,14,RPS0,116,7_5,ASKALIER-SFKEPR-a3-b3,L.kluyveri/D.hansenii,14,116,14,116,38.96,0,Interlink,,,,,
6970,RPS17,72,RPS0,116,7_5,GISFKLQEEER-SFKEPR-a5-b3,L.kluyveri/D.hansenii,72,116,72,116,47.36,0,Interlink,,,,,
6975,RPS17,72,RPS0,116,7_5,GISFKLQEEERER-SFKEPR-a5-b3,L.kluyveri/D.hansenii,72,116,72,116,40.65,0,Interlink,,,,,
6994,RPS18,96,RPS15,13,7_5,DVNDGKNYHTLANNLESK-TFKTYSYK-a6-b3,L.kluyveri/D.hansenii,96,13,96,13,35.48,0.02,Interlink,,,,,
7034,RPS18,139,RPS15,13,7_5,GQHTKTTGR-TFKTYSYK-a5-b3,L.kluyveri/D.hansenii,139,13,139,13,29.13,0.16,Interlink,,,,,
7000,RPS19,118,RPS11,26,7_5,IGVVEISPKGGRR-AKANR-a9-b2,L.kluyveri/D.hansenii,118,26,118,26,34.3,0.02,Interlink,,,,,
7012,RPS2,119,RPS16,133,7_5,TAKEVASAIR-FGGKGARSR-a3-b4,L.kluyveri/D.hansenii,124,132,124,132,32.41,0.02,Interlink,,,,,
7004,RPS2,119,RPS3,148,7_5,TAKEVASAIR-AKSMK-a3-b2,L.kluyveri/D.hansenii,124,148,124,148,34.09,0.02,Interlink,,,,,
7010,RPS20,101,RPS3,45,7_5,YIDLQAPAQIVKR-VTPTKTEVIIR-a12-b5,L.kluyveri/D.hansenii,99,45,99,45,33.01,0.02,Interlink,,,,,
6973,RPS24,11,RPS4,53,7_5,KVISNPLLAR-LKYALNGR-a1-b2,L.kluyveri/D.hansenii,11,53,11,53,45.1,0,Interlink,,,,,
7039,RPS3,185,RPS14,48,7_5,QGVLGIKVK-VTGGMKVK-a7-b6,L.kluyveri/D.hansenii,185,48,185,48,28.82,0.16,Interlink,,,,,
6982,RPS3,75,RPS29,16,7_5,INELTLLVQKR-NYGKGSR-a10-b4,L.kluyveri/D.hansenii,75,16,75,16,38.82,0,Interlink,,,,,
7030,RPS3,108,RPS30,55,7_5,FKLLNGLAIR-KMNPSPSSQ-a2-b1,L.kluyveri/D.hansenii,108,55,108,55,29.5,0.136,Interlink,,,,,
7016,RPS30,20,RPS23,140,7_5,SQTPKVEK-KEKPR-a5-b1,L.kluyveri/D.hansenii,20,140,20,140,31.64,0.036,Interlink,,,,,
7043,RPS30,20,RPS23,142,7_5,SQTPKVEK-EKKEKPR-a5-b5,L.kluyveri/D.hansenii,20,142,20,142,28.09,0.165,Interlink,,,,,
7031,RPS4,71,RPS24,84,7_5,HVKVDGK-KFEPTYR-a3-b1,L.kluyveri/D.hansenii,71,84,71,84,29.46,0.149,Interlink,,,,,
7042,RPS4,53,RPS30,55,7_5,NRLKYALNGR-KMNPSPSSQ-a4-b1,L.kluyveri/D.hansenii,53,55,53,55,28.17,0.165,Interlink,,,,,
6978,RPS4,134,RPS6,194,7_5,KGVPFVVTHDGR-ALKVK-a1-b3,L.kluyveri/D.hansenii,134,194,134,194,40.07,0,Interlink,,,,,
7011,RPS4,71,RPS6,196,7_5,HVKVDGKVR-VKNAQAQR-a3-b2,L.kluyveri/D.hansenii,71,196,71,196,32.6,0.02,Interlink,,,,,
6991,RPS4,75,RPS6,196,7_5,HVKVDGKVR-VKNAQAQR-a7-b2,L.kluyveri/D.hansenii,75,196,75,196,35.82,0.02,Interlink,,,,,
6974,RPS4,168,RPS6,196,7_5,IDLASGKITDYIK-VKNAQAQR-a7-b2,L.kluyveri/D.hansenii,168,196,168,196,42.11,0,Interlink,,,,,
6971,RPS4,155,RPS6,223,7_5,TIRYPDPNIKINDTVK-NAEKAEAR-a10-b4,L.kluyveri/D.hansenii,155,223,155,223,46.95,0,Interlink,,,,,
6966,RPS4,161,RPS6,223,7_5,INDTVKIDLASGK-NAEKAEAR-a6-b4,L.kluyveri/D.hansenii,161,223,161,223,49.62,0,Interlink,,,,,
6983,RPS4,174,RPS6,223,7_5,ITDYIKFDTGK-NAEKAEAR-a6-b4,L.kluyveri/D.hansenii,174,223,174,223,38.41,0.02,Interlink,,,,,
6968,RPS4,179,RPS6,223,7_5,ITDYIKFDTGKLVYVTGGR-NAEKAEAR-a11-b4,L.kluyveri/D.hansenii,179,223,179,223,48.06,0,Interlink,,,,,
6977,RPS4,179,RPS6,223,7_5,FDTGKLVYVTGGR-NAEKAEAR-a5-b4,L.kluyveri/D.hansenii,179,223,179,223,40.19,0,Interlink,,,,,
6995,RPS4,161,RPS6,235,7_5,INDTVKIDLASGK-ASSLKA-a6-b5,L.kluyveri/D.hansenii,161,235,161,235,35.41,0.02,Interlink,,,,,
7018,RPS4,161,RPS6,235,7_5,INDTVKIDLASGK-RASSLKA-a6-b6,L.kluyveri/D.hansenii,161,235,161,235,31.6,0.036,Interlink,,,,,
6993,RPS4,179,RPS6,235,7_5,FDTGKLVYVTGGR-ASSLKA-a5-b5,L.kluyveri/D.hansenii,179,235,179,235,35.53,0.02,Interlink,,,,,
7013,RPS4,179,RPS6,235,7_5,FDTGKLVYVTGGR-RASSLKA-a5-b6,L.kluyveri/D.hansenii,179,235,179,235,32.29,0.02,Interlink,,,,,
7035,RPS6,131,RPS24,123,7_5,RGEQELEGVTDQSIPKR-VFGTGKR-a16-b6,L.kluyveri/D.hansenii,131,123,131,123,29.11,0.16,Interlink,,,,,
6989,RPS6,196,RPS4,75,7_5,VKNAQAQR-VDGKVR-a2-b4,L.kluyveri/D.hansenii,196,75,196,75,37,0.02,Interlink,,,,,
7033,RPS6,235,RPS4,242,7_5,RASSLKA-GKGIK-a6-b2,L.kluyveri/D.hansenii,235,242,235,242,29.16,0.16,Interlink,,,,,
7037,RPS7,102,RPS23,142,7_5,ILPKPSRR-EKKEKPR-a4-b5,L.kluyveri/D.hansenii,101,142,101,142,28.96,0.16,Interlink,,,,,
6969,RPS8,155,RPS11,26,7_5,SADAKIEHAVESQFGAGR-AKANR-a5-b2,L.kluyveri/D.hansenii,153,26,153,26,47.73,0,Interlink,,,,,
7015,RPS8,155,RPS19,68,7_5,SADAKIEHAVESQFGAGR-KQVGVGK-a5-b1,L.kluyveri/D.hansenii,153,68,153,68,31.73,0.036,Interlink,,,,,
7020,RPS8,26,RPS5,109,7_5,KFELGR-LKAVR-a1-b2,L.kluyveri/D.hansenii,26,109,26,109,31.27,0.05,Interlink,,,,,
6967,RPS9,65,RPS22,119,7_5,DEKDPKR-KHVSGK-a3-b1,L.kluyveri/D.hansenii,65,119,65,119,48.24,0,Interlink,,,,,
6990,RPS9,65,RPS22,119,7_5,DEKDPKR-RKHVSGK-a3-b2,L.kluyveri/D.hansenii,65,119,65,119,36.81,0.02,Interlink,,,,,
6996,RPS9,65,RPS22,119,7_5,DEKDPK-KHVSGK-a3-b1,L.kluyveri/D.hansenii,65,119,65,119,34.84,0.02,Interlink,,,,,
7005,RPS9,65,RPS22,119,7_5,DLLTRDEKDPK-RKHVSGK-a8-b2,L.kluyveri/D.hansenii,65,119,65,119,33.99,0.02,Interlink,,,,,
