6616,eIF1,37,eIF3j,218,7_1,KTLTTVQGVPEEYDLKR-LAKVR-a1-b3,L.kluyveri/D.hansenii,40,222,37,219,29.34,0.202,Interlink,,,,,
6585,eIF3a,63,RPS2,120,7_1,FLELGVDLKK-TAKEVASAIR-a9-b3,L.kluyveri/D.hansenii,66,125,63,125,31.47,0.126,Interlink,,,,,
6634,eIF3a,844,RPS4,62,7_1,RQEELKQQQEFER-EVKAIMMQR-a6-b3,L.kluyveri/D.hansenii,828,62,825,62,28.18,0.237,Interlink,,,,,
6609,eIF3a,757,RPS4,128,7_1,DADLQEERDLENYNDLKQR-KVQLGK-a17-b1,L.kluyveri/D.hansenii,746,128,743,128,30.03,0.198,Interlink,,,,,
6551,eIF3a,844,RPS8,41,7_1,QEELKQQQEFER-IGGKR-a5-b4,L.kluyveri/D.hansenii,828,41,825,41,34.98,0.068,Interlink,,,,,
6582,eIF3b,669,RPS8,41,7_1,KLLEQWR-IGGKR-a1-b4,L.kluyveri/D.hansenii,678,41,676,41,31.93,0.119,Interlink,,,,,
6568,eIF3b,680,RPS8,41,7_1,AKHAANGSK-IGGKR-a2-b4,L.kluyveri/D.hansenii,689,41,687,41,33.03,0.097,Interlink,,,,,
6520,eIF3c,92,eIF1,56,7_1,FLKNANYSDSEDSDDEGR-ILKVLK-a3-b3,L.kluyveri/D.hansenii,91,59,88,56,39.65,0.029,Interlink,,,,,
6521,eIF3c,92,eIF1,56,7_1,FLKNANYSDSEDSDDEGR-ILKVLKK-a3-b3,L.kluyveri/D.hansenii,91,59,88,56,39.38,0.029,Interlink,,,,,
6538,eIF3c,92,eIF1,56,7_1,FLKNANYSDSEDSDDEGRK-ILKVLK-a3-b3,L.kluyveri/D.hansenii,91,59,88,56,36.26,0.068,Interlink,,,,,
6550,eIF3c,268,RPS1,166,7_1,GKKGTDHQAQIK-KVISEILTR-a3-b1,L.kluyveri/D.hansenii,274,166,271,166,35.1,0.068,Interlink,,,,,
6586,eIF3c,268,RPS1,166,7_1,KGTDHQAQIK-KVISEILTR-a1-b1,L.kluyveri/D.hansenii,274,166,271,166,31.38,0.143,Interlink,,,,,
6618,eIF3c,82,RPS13,100,7_1,KGGASSGANR-KHLER-a1-b1,L.kluyveri/D.hansenii,79,100,76,100,29.11,0.213,Interlink,,,,,
6553,eIF3c,116,RPS13,112,7_1,SAKDKLLDEMQNVYNK-DKDAKFR-a3-b5,L.kluyveri/D.hansenii,113,112,110,112,34.86,0.068,Interlink,,,,,
6637,eIF3c,267,RPS27,72,7_1,GKKGTDHQAQIK-AKLSEGTSFR-a2-b2,L.kluyveri/D.hansenii,273,72,270,72,28,0.237,Interlink,,,,,
6562,eIF3c,268,RPS27,72,7_1,GKKGTDHQAQIK-AKLSEGTSFR-a3-b2,L.kluyveri/D.hansenii,274,72,271,72,33.47,0.097,Interlink,,,,,
6597,eIF3c,809,RPS30,26,7_1,LNEKKFAGNAPQR-QEKPKQPKGR-a5-b3,L.kluyveri/D.hansenii,813,26,810,26,30.78,0.167,Interlink,,,,,
6607,eIF3c,193,RPS8,17,7_1,AVAKAYNTTK-AATGAKR-a4-b6,L.kluyveri/D.hansenii,190,17,187,17,30.12,0.182,Interlink,,,,,
6581,eIF3j,155,RPS30,23,7_1,KALSTAITSMHEK-VEKQEKPKQPK-a1-b3,L.kluyveri/D.hansenii,159,23,156,23,32.13,0.108,Interlink,,,,,
6621,eIF3j,155,RPS30,28,7_1,KALSTAITSMHEK-VEKQEKPKQPK-a1-b8,L.kluyveri/D.hansenii,159,28,156,28,28.9,0.213,Interlink,,,,,
6546,RPS10,52,eIF3j,218,7_1,ALQSLTSKGYVK-LAKVR-a8-b3,L.kluyveri/D.hansenii,52,222,52,219,35.45,0.068,Interlink,,,,,
6531,RPS13,112,eIF3c,116,7_1,DKDAKFR-SAKDK-a5-b3,L.kluyveri/D.hansenii,112,113,112,110,37.28,0.029,Interlink,,,,,
6626,RPS16,131,eIF3a,599,7_1,FGGKGARSR-ERKAAEER-a4-b3,L.kluyveri/D.hansenii,132,589,132,586,28.62,0.22,Interlink,,,,,
6617,RPS16,94,eIF3b,109,7_1,GLVAYHQKFVDEQSK-KLDQK-a8-b1,L.kluyveri/D.hansenii,95,116,95,114,29.22,0.202,Interlink,,,,,
6610,RPS17,116,eIF3a,612,7_1,SLGLKLPLAVSNVSAQR-QLEEEKLR-a5-b6,L.kluyveri/D.hansenii,116,602,116,599,29.95,0.2,Interlink,,,,,
6620,RPS18,139,eIF3j,218,7_1,GQHTKTTGR-LAKVR-a5-b3,L.kluyveri/D.hansenii,139,222,139,219,29.06,0.213,Interlink,,,,,
6635,RPS19,55,eIF3g,40,7_1,TSAGNEMPPQDSEGWFYKRAASVAR-EVKVK-a18-b3,L.kluyveri/D.hansenii,55,53,55,53,28.13,0.237,Interlink,,,,,
6627,RPS21,38,eIF3a,656,7_1,AKDHASVQINVAKVDEEGR-RAEEKFER-a13-b5,L.kluyveri/D.hansenii,38,645,38,642,28.61,0.22,Interlink,,,,,
6630,RPS26,28,eIF3a,670,7_1,CVNCSKSVPKDK-AAVLEGEMKK-a6-b9,L.kluyveri/D.hansenii,28,659,28,656,28.53,0.22,Interlink,,,,,
6591,RPS30,20,eIF3j,218,7_1,SQTPKVEK-LAKVR-a5-b3,L.kluyveri/D.hansenii,20,222,20,219,31.08,0.16,Interlink,,,,,
6629,RPS30,20,eIF3j,218,7_1,SQTPKVEKQEKPK-LAKVR-a5-b3,L.kluyveri/D.hansenii,20,222,20,219,28.58,0.22,Interlink,,,,,
6569,RPS30,23,eIF3j,218,7_1,VEKQEKPKQPK-LAKVR-a3-b3,L.kluyveri/D.hansenii,23,222,23,219,32.9,0.097,Interlink,,,,,
6614,RPS30,23,eIF3j,218,7_1,SQTPKVEKQEKPK-LAKVR-a8-b3,L.kluyveri/D.hansenii,23,222,23,219,29.6,0.202,Interlink,,,,,
6608,RPS30,55,eIF3j,218,7_1,KMNPSPSSQ-LAKVR-a1-b3,L.kluyveri/D.hansenii,55,222,55,219,30.12,0.182,Interlink,,,,,
6570,RPS9,179,eIF3a,63,7_1,NNNKGSEAAEAEDEE-FLELGVDLKKGK-a4-b9,L.kluyveri/D.hansenii,179,66,179,63,32.82,0.097,Interlink,,,,,
6530,RPS9,120,eIF3b,420,7_1,LGLAKSVHHAR-HTKSR-a5-b3,L.kluyveri/D.hansenii,120,433,120,431,37.3,0.029,Interlink,,,,,
6533,RPS9,179,eIF3j,230,7_1,RNNNKGSEAAEAEDEE-GGTATGGAGKKK-a5-b10,L.kluyveri/D.hansenii,179,234,179,231,36.98,0.053,Interlink,,,,,
6687,eIF1,37,eIF3j,218,7_2,KTLTTVQGVPEEYDLKR-LAKVR-a1-b3,L.kluyveri/D.hansenii,40,222,37,219,35.09,0.074,Interlink,,,,,
6762,eIF3a,799,RPS1,219,7_2,EAKLTEAR-LLKQPK-a3-b3,L.kluyveri/D.hansenii,788,219,785,219,28.2,0.197,Interlink,,,,,
6733,eIF3a,638,RPS14,48,7_2,MMEEKAAADAR-VTGGMKVK-a5-b6,L.kluyveri/D.hansenii,627,48,624,48,30.56,0.119,Interlink,,,,,
6708,eIF3a,844,RPS8,41,7_2,QEELKQQQEFER-IGGKR-a5-b4,L.kluyveri/D.hansenii,828,41,825,41,32.57,0.119,Interlink,,,,,
6731,eIF3b,669,RPS8,41,7_2,RKLLEQWR-IGGKR-a2-b4,L.kluyveri/D.hansenii,678,41,676,41,30.92,0.119,Interlink,,,,,
6675,eIF3b,680,RPS8,41,7_2,AKHAANGSK-IGGKR-a2-b4,L.kluyveri/D.hansenii,689,41,687,41,36.25,0.022,Interlink,,,,,
6736,eIF3c,92,eIF1,56,7_2,FLKNANYSDSEDSDDEGR-ILKVLKK-a3-b3,L.kluyveri/D.hansenii,91,59,88,56,30.38,0.119,Interlink,,,,,
6739,eIF3c,268,RPS1,166,7_2,GKKGTDHQAQIK-KVISEILTR-a3-b1,L.kluyveri/D.hansenii,274,166,271,166,30.2,0.135,Interlink,,,,,
6744,eIF3c,809,RPS11,36,7_2,LNEKKFAGNAPQR-WYKNAGLGFK-a5-b3,L.kluyveri/D.hansenii,813,36,810,36,29.56,0.135,Interlink,,,,,
6676,eIF3c,268,RPS27,72,7_2,GKKGTDHQAQIK-AKLSEGTSFR-a3-b2,L.kluyveri/D.hansenii,274,72,271,72,36.16,0.022,Interlink,,,,,
6729,eIF3c,808,RPS30,26,7_2,LNEKKFAGNAPQR-QEKPKQPKGR-a4-b3,L.kluyveri/D.hansenii,812,26,809,26,31.11,0.119,Interlink,,,,,
6748,eIF3c,650,RPS5,222,7_2,RIPYSQKSIR-VAKSNR-a7-b3,L.kluyveri/D.hansenii,654,222,651,222,29.31,0.135,Interlink,,,,,
6699,eIF3g,37,RPS9,65,7_2,IKEVKVK-DEKDPK-a2-b3,L.kluyveri/D.hansenii,50,65,50,65,33.49,0.111,Interlink,,,,,
6755,RPS1,62,eIF3a,,7_2,NAADSLKGR-DKKDLDER-a7-b3,L.kluyveri/D.hansenii,62,699,62,696,28.7,0.197,Interlink,,,,,
6723,RPS10,52,eIF3j,218,7_2,ALQSLTSKGYVK-LAKVR-a8-b3,L.kluyveri/D.hansenii,52,222,52,219,31.58,0.119,Interlink,,,,,
6702,RPS13,112,eIF3c,116,7_2,DKDAKFR-SAKDK-a5-b3,L.kluyveri/D.hansenii,112,113,112,110,33.11,0.119,Interlink,,,,,
6707,RPS16,94,eIF3b,109,7_2,GLVAYHQKFVDEQSK-KLDQK-a8-b1,L.kluyveri/D.hansenii,95,116,95,114,32.85,0.119,Interlink,,,,,
6760,RPS17,116,eIF3a,612,7_2,SLGLKLPLAVSNVSAQR-QLEEEKLR-a5-b6,L.kluyveri/D.hansenii,116,602,116,599,28.21,0.197,Interlink,,,,,
6750,RPS20,101,eIF3g,37,7_2,YIDLQAPAQIVKR-IKEVK-a12-b2,L.kluyveri/D.hansenii,99,50,99,50,29.15,0.149,Interlink,,,,,
6684,RPS23,56,eIF3j,218,7_2,GIVLEKIGIESK-LAKVR-a6-b3,L.kluyveri/D.hansenii,56,222,56,219,35.46,0.043,Interlink,,,,,
6719,RPS26,28,eIF3a,670,7_2,CVNCSKSVPKDK-AAVLEGEMKK-a6-b9,L.kluyveri/D.hansenii,28,659,28,656,31.87,0.119,Interlink,,,,,
6725,RPS3,207,eIF3g,185,7_2,ALPDAVKILEPKDEEPISEPSVK-DLKDRDDSTTLK-a7-b3,L.kluyveri/D.hansenii,207,189,207,189,31.38,0.119,Interlink,,,,,
6721,RPS30,3,eIF3g,53,7_2,MAKVHGSLSRAGK-KNWAK-a3-b1,L.kluyveri/D.hansenii,3,66,3,66,31.68,0.119,Interlink,,,,,
6761,RPS30,20,eIF3j,218,7_2,SQTPKVEKQEKPK-LAKVR-a5-b3,L.kluyveri/D.hansenii,20,222,20,219,28.21,0.197,Interlink,,,,,
6732,RPS9,120,eIF3b,420,7_2,LGLAKSVHHAR-HTKSR-a5-b3,L.kluyveri/D.hansenii,120,433,120,431,30.68,0.119,Interlink,,,,,
6756,RPS9,90,eIF3c,204,7_2,IGVLSEDKK-VKKVAR-a8-b3,L.kluyveri/D.hansenii,90,201,90,198,28.54,0.197,Interlink,,,,,
6855,eIF1,37,eIF3j,218,7_3,KTLTTVQGVPEEYDLKR-LAKVR-a1-b3,L.kluyveri/D.hansenii,40,222,37,219,28.79,0.255,Interlink,,,,,
6845,eIF3a,63,RPS2,120,7_3,FLELGVDLKK-TAKEVASAIR-a9-b3,L.kluyveri/D.hansenii,66,125,63,125,29.71,0.241,Interlink,,,,,
6824,eIF3a,757,RPS4,128,7_3,DADLQEERDLENYNDLKQR-KVQLGK-a17-b1,L.kluyveri/D.hansenii,746,128,743,128,32.57,0.083,Interlink,,,,,
6806,eIF3b,179,RPS8,41,7_3,KNDPEPVIEPR-IGGKR-a1-b4,L.kluyveri/D.hansenii,187,41,185,41,35.27,0.024,Interlink,,,,,
6850,eIF3c,809,RPS22,22,7_3,LNEKKFAGNAPQR-TGKRQVLIRPSSK-a5-b3,L.kluyveri/D.hansenii,813,22,810,22,29.18,0.255,Interlink,,,,,
6848,eIF3g,31,RPS8,53,7_3,LNANGQKVKITQK-TRGGNKK-a9-b6,L.kluyveri/D.hansenii,44,53,44,53,29.27,0.25,Interlink,,,,,
6856,RPS10,5,eIF3j,63,7_3,MLIPKEER-KKDASTK-a5-b2,L.kluyveri/D.hansenii,5,66,5,63,28.63,0.255,Interlink,,,,,
6849,RPS2,105,eIF3g,78,7_3,TRFKAVVVVGDSNGHVGLGIK-TTQLGEKVELK-a4-b7,L.kluyveri/D.hansenii,105,91,105,91,29.2,0.25,Interlink,,,,,
6852,RPS30,20,eIF3a,856,7_3,SQTPKVEK-EEEEKSR-a5-b5,L.kluyveri/D.hansenii,20,843,20,840,28.97,0.255,Interlink,,,,,
6843,RPS9,179,eIF3c,204,7_3,NNNKGSEAAEAEDEE-KVARENETLLSK-a4-b1,L.kluyveri/D.hansenii,179,201,179,198,30.57,0.212,Interlink,,,,,
6929,eIF3a,63,RPS2,120,7_4,FLELGVDLKK-TAKEVASAIR-a9-b3,L.kluyveri/D.hansenii,66,125,63,125,31.7,0.087,Interlink,,,,,
6956,eIF3a,638,RPS29,16,7_4,MMEEKAAADAR-NYGKGSRQCR-a5-b4,L.kluyveri/D.hansenii,627,16,624,16,28.72,0.202,Interlink,,,,,
6887,eIF3a,757,RPS8,41,7_4,DLENYNDLKQR-IGGKR-a9-b4,L.kluyveri/D.hansenii,746,41,743,41,38.1,0,Interlink,,,,,
6923,eIF3b,669,RPS8,41,7_4,KLLEQWR-IGGKR-a1-b4,L.kluyveri/D.hansenii,678,41,676,41,33.05,0.062,Interlink,,,,,
6940,eIF3b,680,RPS8,41,7_4,AKHAANGSK-IGGKR-a2-b4,L.kluyveri/D.hansenii,689,41,687,41,30.25,0.136,Interlink,,,,,
6957,eIF3c,809,RPS30,26,7_4,LNEKKFAGNAPQR-QEKPKQPKGR-a5-b3,L.kluyveri/D.hansenii,813,26,810,26,28.69,0.202,Interlink,,,,,
6948,eIF3g,37,RPS9,65,7_4,IKEVKVK-DEKDPK-a2-b3,L.kluyveri/D.hansenii,50,65,50,65,29.62,0.169,Interlink,,,,,
6896,eIF3i,290,RPS8,41,7_4,VKGHFGPLNSIAVHPDGTGYASGGEDGFIR-IGGKR-a2-b4,L.kluyveri/D.hansenii,294,41,294,41,36.45,0.026,Interlink,,,,,
6946,RPS1,7,eIF3c,116,7_4,MAVGKNKR-SAKDK-a7-b3,L.kluyveri/D.hansenii,7,113,7,110,29.72,0.163,Interlink,,,,,
6942,RPS24,117,eIF3c,203,7_4,KVFGTGKR-QRVKK-a1-b4,L.kluyveri/D.hansenii,117,200,117,197,30.09,0.145,Interlink,,,,,
7017,eIF3a,638,RPS29,16,7_5,MMEEKAAADAR-NYGKGSRQCR-a5-b4,L.kluyveri/D.hansenii,627,16,624,16,31.61,0.036,Interlink,,,,,
7024,eIF3c,661,RPS16,107,7_5,ALEHYEKSSFQGPPETLR-GLVAYHQKFVDEQSK-a7-b8,L.kluyveri/D.hansenii,665,95,662,95,30.91,0.05,Interlink,,,,,
7022,eIF3c,808,RPS30,26,7_5,LNEKKFAGNAPQR-QEKPKQPKGR-a4-b3,L.kluyveri/D.hansenii,812,26,809,26,30.96,0.05,Interlink,,,,,
7036,eIF3c,809,RPS30,26,7_5,LNEKKFAGNAPQR-QEKPKQPKGR-a5-b3,L.kluyveri/D.hansenii,813,26,810,26,29,0.16,Interlink,,,,,
7019,eIF3g,37,RPS9,65,7_5,IKEVKVK-DEKDPK-a2-b3,L.kluyveri/D.hansenii,50,65,50,65,31.35,0.036,Interlink,,,,,
7023,eIF3i,272,RPS9,37,7_5,NVTTTAESQGKFEAR-LAGEYGLKNK-a11-b8,L.kluyveri/D.hansenii,276,37,276,37,30.93,0.05,Interlink,,,,,
6980,RPS14,93,eIF3b,564,7_5,TKTPGPGGQAALR-LLKAEK-a2-b3,L.kluyveri/D.hansenii,93,573,93,571,39.33,0,Interlink,,,,,
7027,RPS20,101,eIF3g,37,7_5,YIDLQAPAQIVKR-IKEVK-a12-b2,L.kluyveri/D.hansenii,99,50,99,50,30.22,0.136,Interlink,,,,,
7029,RPS29,16,eIF3g,40,7_5,NYGKGSR-IKEVK-a4-b2,L.kluyveri/D.hansenii,16,50,16,50,29.62,0.136,Interlink,,,,,
